"id","name","bat_side","side","avg_batter_y_position","avg_batter_x_position","avg_foot_sep","avg_stance_angle","avg_intercept_y_vs_batter","avg_intercept_y_vs_plate"
656941,"Schwarber, Kyle","L","L",20.9250652807248,26.56590463560279,30.336543699422133,-9.696875519530844,33.782336141835955,12.857270861111148
547180,"Harper, Bryce","L","L",23.580373382912548,30.23348474010767,32.96693330000415,-16.74633808887595,34.567679147783146,10.98730576487059
646240,"Devers, Rafael","L","L",23.902245040660706,26.78831023602642,31.559934347045655,-64.1935752923577,27.659457051092797,3.757212010432094
663728,"Raleigh, Cal","R","R",26.59153319445239,25.341285192726474,24.761052480450253,-2.556016575961254,39.00235629570119,12.410823101248797
592206,"Castellanos, Nick","R","R",30.019574429801427,28.22436830430876,26.612636588736095,-19.168183438026375,29.94443004649285,-0.07514438330857769
621566,"Olson, Matt","L","L",31.139659400811816,30.693332361538648,31.279925740371947,-10.581548896984035,33.143757488292906,2.004098087481099
660271,"Ohtani, Shohei","L","L",30.176769947166704,33.06119124617471,36.63075737648958,-14.490215630701577,28.11542260364891,-2.061347343517796
682985,"Greene, Riley","L","L",29.956277196796883,25.393240084734924,28.048298453484378,-8.84239343887708,32.656625012176434,2.7003478153795455
596019,"Lindor, Francisco","R","R",28.105418044122242,25.448690654043734,26.27007631462268,-11.46253339952162,31.085906858438854,2.9804888143166117
695578,"Wood, James","L","L",31.179114411999283,30.37747894653268,28.224053676231204,-21.405905992295963,33.21590237300245,2.0367879610031716
665742,"Soto, Juan","L","L",24.91453738230651,30.54874350213384,41.996628701068126,-10.166761909345226,23.317777466287307,-1.5967599160192079
607208,"Turner, Trea","R","R",28.709573086250145,28.21398341365388,38.41386534386296,0.5649972633978492,29.436742400366327,0.7271693141161801
607043,"Nimmo, Brandon","L","L",28.406567186344596,31.481948103055423,25.276115328776175,-12.217092048034448,26.568168378584538,-1.838398807760065
691718,"Crow-Armstrong, Pete","L","L",30.762968710007225,26.879505441058384,33.09313329630053,-2.8285827023151406,37.47560991887487,6.71264120886764
682829,"De La Cruz, Elly","R","R",29.36923750422847,30.053665111046595,30.10335551988039,-20.894514378778858,36.36486336586855,6.99562586164009
624413,"Alonso, Pete","R","R",24.671839835840654,26.82526099926018,30.319780628930957,2.0599878810703984,28.543029536642482,3.871189700801832
680776,"Duran, Jarren","L","L",28.763308431864772,30.976537696656393,24.160199945792666,-2.228789755897205,30.857515029595486,2.094206597730715
683002,"Henderson, Gunnar","L","L",26.68190524255903,26.75427088245427,30.960835826216094,-4.259195966055287,34.73254109652305,8.05063585396402
553993,"Suárez, Eugenio","R","R",18.37435553070032,23.40919972731617,22.549237841982837,-24.000438445259682,33.651932851577506,15.277577320877185
592885,"Yelich, Christian","L","L",27.92203861810956,30.424079287400065,32.897349214326226,1.2750509424820171,26.592132869640487,-1.3299057484690784
668227,"Arozarena, Randy","R","R",22.255054388879955,24.034162467905023,19.494511200715714,3.2505816811098263,32.76753349357892,10.512479104698963
671218,"Ramos, Heliot","R","R",24.793195683608076,27.73454614196093,29.623257607621547,-4.6403294380165,28.074216802750872,3.281021119142796
678882,"Rafaela, Ceddanne","R","R",30.49656767302054,26.63747493979081,23.385427614845458,-18.759448089661234,35.07063572003457,4.574068047014033
677594,"Rodríguez, Julio","R","R",20.58742840043348,29.385284450043333,31.158823573298882,1.375826381244189,31.88328492986391,11.29585652943043
596115,"Story, Trevor","R","R",25.479501878316455,29.422050151571813,35.94299595095517,-25.67819251884751,36.78110044517967,11.301598566863225
691406,"Caminero, Junior","R","R",28.276556308768868,28.249452903440407,27.325235198827773,-34.75626447040069,34.668220088432705,6.391663779663844
645277,"Albies, Ozzie","R","R",32.9359030563677,17.452103621966327,29.412036170852467,-55.2297346769254,36.83281627023205,3.8969132138643428
682928,"Abrams, CJ","L","L",28.012029392408405,30.365209749344995,31.975725574660295,-3.999438026232427,33.040436904077154,5.028407511668749
682998,"Carroll, Corbin","L","L",30.979472562457715,30.29820937636976,25.90364477756687,-3.1125453447972955,35.63517593648689,4.655703374029173
663656,"Tucker, Kyle","L","L",27.902451887641565,30.732665064011503,36.33241087590984,-2.0966612423425017,29.050080480063937,1.147628592422372
641487,"Crawford, J.P.","L","L",35.125194436005735,27.931857895213525,29.883058852436168,-30.16284545172853,37.26545430051794,2.1402598645122017
592518,"Machado, Manny","R","R",24.442153170796736,30.707352822917517,31.190063253322073,-39.75689508469867,30.4276401912429,5.985487020446166
518692,"Freeman, Freddie","L","L",28.687146562352986,31.703436952763678,32.925750652561604,0.8780444870575296,26.25803071343592,-2.4291158489170668
608070,"Ramírez, José","R","R",29.698781485197653,24.93090591927721,27.67476613440854,-7.721830817561373,32.23369127059645,2.534909785398796
669364,"Edwards, Xavier","R","R",17.649110897342368,24.269582759163345,28.84211558944831,-9.272682035756443,30.16586661744698,12.516755720104616
691026,"Winn, Masyn","R","R",33.206146138528524,22.582865823527833,15.812589279351128,-55.09190500668523,35.29413974774886,2.0879936092203355
666624,"Morel, Christopher","R","R",27.616829018200153,26.035142285119896,24.180741692233244,-20.16976954163688,34.116728226424826,6.499899208224675
672695,"Perdomo, Geraldo","R","R",22.050527701143118,25.730715021550353,42.110276914292896,-13.395960986068934,28.103054036006206,6.0525263348630896
647304,"Naylor, Josh","L","L",25.68835736890871,26.991038633552794,44.11354254067269,-4.3757726624259865,25.824303812115204,0.13594644320648702
650333,"Arraez, Luis","L","L",34.37295394474223,26.286194516064665,28.05142016087257,-25.426477660164743,32.179175209067125,-2.1937787356750897
679529,"Torkelson, Spencer","R","R",33.099181928550806,27.754806030030977,25.893273105531648,-17.19940885579081,30.52551901203776,-2.5736629165130425
680757,"Kwan, Steven","L","L",22.889062866076735,23.458691140198464,7.1211971357084725,-18.06598348242838,29.911565818875566,7.022502952798831
672640,"Lopez, Otto","R","R",29.364523820618643,28.75637731877765,32.113082902270335,0.2765919847148319,30.587898681187745,1.2233748605691
545341,"Grichuk, Randal","R","R",24.974060985943694,28.341972543883664,33.90202367005831,-23.16319558039871,32.237661564287365,7.263600578343674
672356,"Arias, Gabriel","R","R",29.456076723316198,35.05114336100205,26.492819824117962,-4.4561083128808265,35.05934300280678,5.603266279490587
521692,"Perez, Salvador","R","R",29.435557305236795,27.08614089896775,32.638638347138986,-19.812354641244085,28.77482306739046,-0.6607342378463363
664056,"Bader, Harrison","R","R",26.59939644663732,27.301753730845224,20.379471634729526,-11.580272757948125,34.86566891185819,8.266272465220869
668804,"Reynolds, Bryan","R","R",30.999103406344375,28.288583196840285,31.104780234080383,-2.519085980108081,28.530559538939777,-2.468543867404593
701538,"Merrill, Jackson","L","L",24.768569510931083,29.160474699750694,24.117648880878143,-0.00929403091675704,27.775351661119615,3.0067821501885335
650490,"Díaz, Yandy","R","R",29.650334395072935,28.379290478995795,28.522940821878695,-28.839247198329215,30.219287719667587,0.5689533245946478
668930,"Turang, Brice","L","L",30.934031984367635,27.046653513931307,25.882366771435965,-5.8223270224058234,32.45833997038039,1.5243079860127535
663993,"Lowe, Nathaniel","L","L",26.48525481312308,31.280211569078475,33.1655958505382,-14.190895580381628,26.84138752422797,0.356132711104895
665487,"Tatis Jr., Fernando","R","R",26.35013946142936,28.860953415838992,24.178037305419046,-38.82713394695687,30.008818860326,3.658679398896637
661388,"Contreras, William","R","R",28.44503060050201,27.917520871415242,29.78011841334249,4.723230587514923,30.1727766002113,1.7277459997092883
686469,"Pasquantino, Vinnie","L","L",28.913653917074917,31.062261737974932,39.760393620673085,-22.036758080022683,30.9815626561754,2.067908739100484
666971,"Gurriel Jr., Lourdes","R","R",28.735252120276584,25.921209263943748,24.789676582638577,-14.874008353372991,32.10865643367896,3.3734043134023746
681624,"Pages, Andy","R","R",31.683941289551285,29.63722120175541,17.338345284816292,-16.331484522800302,30.54183366459444,-1.1421076249568465
664023,"Happ, Ian","R","R",30.277554786605055,28.247699484788132,24.28733957346345,-0.1727656662902267,33.98052788741979,3.7029731008147286
642715,"Adames, Willy","R","R",29.143579140833957,28.805713119117762,32.97800707971532,-1.9733677439427062,31.565492772186474,2.4219136313525143
641355,"Bellinger, Cody","L","L",32.7504197865445,21.246466569430673,25.7198716140003,-14.64117291455702,31.067023129083452,-1.6833966574610542
673962,"Jung, Josh","R","R",22.600524380393548,24.643479509428232,23.130940469246653,-4.489930463286821,31.10770245682931,8.507178076435762
666969,"García, Adolis","R","R",29.03234080674255,24.971850328437927,29.15802128259216,-16.487214153264343,31.35180281824746,2.319462011504911
676391,"Clement, Ernie","R","R",22.540776505670888,27.826823909551784,31.62984183791763,-1.327395917314906,30.450322803924028,7.909546298253141
673548,"Suzuki, Seiya","R","R",28.407885768927414,27.50125504144605,29.456675972816385,-4.549074559728451,33.46214042069656,5.054254651769151
682663,"Ramírez, Agustín","R","R",27.57055389603528,30.173200934010815,37.376682894641974,-16.129113315287494,31.0013464482022,3.4307925521669187
608369,"Seager, Corey","L","L",26.378821737398937,29.190695311098747,30.496355276753057,-17.314611468272993,32.559315790672315,6.18049405327337
664040,"Lowe, Brandon","L","L",27.099701287773343,27.152228645748927,21.251018062972896,-3.0022997100717115,34.55963041990056,7.459929132127223
683011,"Volpe, Anthony","R","R",28.966411206602505,29.049855795031213,27.05517548084006,3.9995563462472092,25.821101009753043,-3.145310196849465
702616,"Holliday, Jackson","L","L",26.071269932176474,27.838367484247286,24.72627178141954,-4.78584621717758,27.179873095636964,1.1086031634604852
664034,"France, Ty","R","R",28.670242519979432,26.049209529260548,31.519240220958626,-28.33121085736283,27.320810313676137,-1.3494322063032929
606466,"Marte, Ketel","R","R",30.05807763852001,25.0036208062166,18.964581434753285,6.055517634814217,36.68398374382022,6.625906105300213
671739,"Harris II, Michael","L","L",30.83434513983006,28.926053374163274,20.726511228861966,-18.042467419295672,33.65979824032489,2.82545310049483
592663,"Realmuto, J.T.","R","R",31.058470960775615,27.3108188696573,26.493621552323752,-17.090159472025807,28.365296992617225,-2.693173968158387
686797,"Lee, Brooks","R","R",26.148761517002406,29.472630115229958,36.309255445996655,-1.0208087466049767,32.54817514451916,6.399413627516757
657656,"Laureano, Ramón","R","R",30.53186845747976,31.17595450073576,17.652474251208794,5.320128091397113,32.851860496370065,2.3199920388903084
694671,"Langford, Wyatt","R","R",28.8298951908245,27.133032686658122,29.636458755488807,-0.7512114318683932,33.188221241781136,4.358326050956633
808982,"Lee, Jung Hoo","L","L",26.630060473143196,21.46183543237894,27.77268625472997,-42.23353307644009,30.262092982048596,3.6320325089053935
676572,"Wagaman, Eric","R","R",24.92468480680845,27.947124910103916,28.492281132336927,-2.9526267642901476,33.06060339837061,8.135918591562149
572191,"Taylor, Michael A.","R","R",22.50592549280263,30.628016379704583,33.205358966993444,0.24559969775820997,29.37548427113938,6.869558778336745
682657,"Martínez, Angel","R","R",30.58896156293129,22.814860224098275,36.17224023845869,-22.31111616861631,39.6539020864946,9.064940523563306
672820,"Sosa, Lenyn","R","R",30.719527425641743,27.429315616320437,30.42628483558461,-7.797844023181041,32.140828059096414,1.4213006334546736
696100,"Goodman, Hunter","R","R",28.594934693865895,29.451616163317556,19.31729894833663,-18.031236892285982,37.87366827351843,9.278733579652545
666182,"Bichette, Bo","R","R",27.573210606844064,25.034872294214544,33.39984851501361,2.7766703033810547,25.427416390902305,-2.1457942159417662
516782,"Marte, Starling","R","R",18.649929552555008,28.764261437621464,39.04209119477282,0.3848311593377233,23.98174883246081,5.331819279905802
678246,"Vargas, Miguel","R","R",31.05198247991643,27.557897287437076,28.5972673500699,-6.063179538908856,36.20623971207001,5.154257232153578
630105,"Cronenworth, Jake","L","L",33.24787840610071,28.829955146484178,26.46534977404837,3.2615084963091237,30.26678411661456,-2.981094289486152
572233,"Walker, Christian","R","R",28.765662369645952,25.79698699259371,24.722821785189456,-15.30350654990812,31.482931583943863,2.717269214297911
669224,"Wells, Austin","L","L",30.59550962963084,22.810378910229964,26.939785931684423,-7.407148202748736,31.23523253041449,0.6397229007836446
680977,"Donovan, Brendan","L","L",25.770707704049446,28.990704319934604,36.78677919470871,-8.364231313267602,24.205506054420116,-1.5652016496293302
527038,"Flores, Wilmer","R","R",27.74030756929939,25.096152410787866,42.7074244776861,-7.396180708863695,31.559442495637807,3.8191349263384167
502671,"Goldschmidt, Paul","R","R",26.632350278564353,33.42262059335607,36.24926621224946,-8.169074894680127,21.985147187660868,-4.647203090903479
666139,"Lowe, Josh","L","L",24.559782972712803,31.905782113900248,35.10530391008334,-5.459240883792828,27.988054562718535,3.428271590005729
668901,"Vientos, Mark","R","R",26.753240714442455,27.391137070218143,26.114313591556613,-6.013568384281197,28.671979762363055,1.9187390479206026
650402,"Torres, Gleyber","R","R",32.93914124815821,25.31803223459054,26.7420015020103,-33.00595182238506,31.27658387170527,-1.6625573764529404
605141,"Betts, Mookie","R","R",25.837294491798417,28.602418278807217,26.443953025210547,-15.428379665235193,32.56798848384419,6.730693992045773
657757,"Sheets, Gavin","L","L",29.916728057275773,30.762016172720564,16.597569696769007,-34.88742413630242,33.25539538550127,3.3386673282254975
667670,"Rooker, Brent","R","R",31.306958875567414,26.712261948129157,28.00875034963281,-17.796519828031318,33.27978402279632,1.9728251472289058
664238,"Moore, Dylan","R","R",22.701783544512686,30.02751362588297,35.60980821428932,2.332399551508425,25.92697767541639,3.2251941309036996
701358,"Smith, Cam","R","R",25.436652623137103,30.043648113953083,33.447841350998644,-8.173125148162427,30.949400955010265,5.51274833187316
663853,"Gonzalez, Romy","R","R",27.650908207292446,27.89678874203028,28.130579525637696,-14.524574572385456,27.460955034549315,-0.1899531727431304
457705,"McCutchen, Andrew","R","R",30.155003730815068,27.97771866327865,35.15124079467288,-2.5131212257335847,27.008950656016943,-3.146053074798123
668715,"Steer, Spencer","R","R",28.913066853410037,25.81586084468036,35.09972508774206,-4.94530009221606,32.60465480676247,3.6915879533524265
621020,"Swanson, Dansby","R","R",30.601948618151503,27.00419004491661,23.958215390927755,-11.888410728674334,32.21736106333892,1.615412445187416
641680,"Heim, Jonah","R","R",28.678105917497106,31.34586887461642,26.282195815188334,-6.595648634704284,26.062538860749406,-2.615567056747701
686217,"Frelick, Sal","L","L",31.338337228311765,28.060472443928223,25.41549751165433,-9.52328644962933,27.281715657206867,-4.056621571104896
578428,"Iglesias, Jose","R","R",22.67310225017745,27.297199482795495,33.492308481641764,-18.146863862533046,24.183200118571754,1.5100978683943045
672386,"Kirk, Alejandro","R","R",22.014170957563856,31.41323997864833,28.475491265988786,4.49857532277567,29.453053545839136,7.438882588275278
677951,"Witt Jr., Bobby","R","R",27.662798363428976,25.520145739731426,32.34454938122137,-16.92694030229755,26.720517340510515,-0.942281022918458
665862,"Chisholm Jr., Jazz","L","L",30.74751446949291,26.53809703869811,30.087858878569236,-4.67572696710392,30.215584726023188,-0.53192974346972
595879,"Báez, Javier","R","R",19.230974954580674,28.211419596320045,31.33195172189749,-10.356082868570006,28.49804408607774,9.26706913149707
543807,"Springer, George","R","R",27.314912496220533,27.515044808512684,28.811500535789023,-5.65892313434819,20.354693517830206,-6.9602189783903246
694192,"Chourio, Jackson","R","R",24.817032120233144,29.965843602868826,39.8977189282085,1.5367071381951867,27.90168536264915,3.0846532424160045
664702,"Straw, Myles","R","R",29.58971216870914,25.413738547643707,25.669284170229524,-0.17767737695309452,26.711024628904116,-2.8786875398050293
805367,"Meidroth, Chase","R","R",31.607542439068837,28.24842793922244,30.52455963010687,-19.095692680562728,27.93153726421252,-3.67600517485631
665966,"Narváez, Carlos","R","R",24.748939386470596,28.862891050606287,25.862552837481665,-21.669603578066305,30.799763678799604,6.050824292329004
669221,"Murphy, Sean","R","R",29.659697851903534,31.048695349320127,30.290058321220002,-18.528227793745522,29.449421899178116,-0.21027595272541766
628451,"Ibáñez, Andy","R","R",28.460171092388084,25.385930863889115,32.67147538212429,5.225579248554647,28.758684472051723,0.2985133796636402
686668,"Doyle, Brenton","R","R",24.350285192677635,28.973490271021713,41.48506964923211,-7.506626335042325,24.933337093928966,0.5830519012513282
543760,"Semien, Marcus","R","R",28.184405486127094,23.99250390581651,30.469875133304395,-1.592816253891602,30.491944123671793,2.3075386375447002
467793,"Santana, Carlos","R","R",28.87880200840847,27.424825146630095,27.349988231545993,-23.610114429469252,32.57970241738204,3.700900408973574
673237,"Diaz, Yainer","R","R",30.074594465767767,27.749190359350603,32.17815097504516,-2.6534654157058624,31.095162430578192,1.0205679648104198
621043,"Correa, Carlos","R","R",26.408768529552205,28.562967367974817,37.03010017404602,-1.4636775108878726,29.52164881949552,3.112880289943316
686555,"Collins, Isaac","R","R",29.34187065231953,30.13646018234648,35.41039299121988,-24.457160605985,35.84538973563675,6.503519083317229
670770,"Friedl, TJ","L","L",32.59671817612463,25.181211073154802,29.68075114204581,-31.406466366901764,41.04913807570829,8.452419899583663
592450,"Judge, Aaron","R","R",26.35998944865842,33.20282552717123,29.991726188196616,-5.1932247663349465,30.085656786084982,3.7256673374265623
641598,"Garver, Mitch","R","R",26.725107769338962,27.082807820710503,29.903519260888476,-8.630999970498328,34.35364850894174,7.628540739602775
663457,"Nootbaar, Lars","L","L",29.391685755616127,28.309987983341745,23.917014011431373,-21.839299897230287,35.68135621764762,6.289670462031482
663538,"Hoerner, Nico","R","R",29.176774973736496,27.892165535901064,29.37287913201996,-11.249759885784865,27.436287813637296,-1.7404871600992067
691016,"Soderstrom, Tyler","L","L",28.597009686323503,31.95563210728673,33.718221652951364,-6.5258128570328955,29.02805781156514,0.43104812524163794
687597,"Beck, Jordan","R","R",17.71253935272992,29.34046997060608,31.76818200109159,-1.233003475491719,26.821101776855826,9.108562424125903
687401,"Ortiz, Joey","R","R",31.801171291019063,27.645467171176595,28.776282290707865,-10.056601568941877,29.10720822129284,-2.693963069726218
656775,"Mullins, Cedric","L","L",31.691439374576497,23.707645928230015,28.27253467491016,-17.48021593973791,29.576100079144503,-2.1153392954320016
665489,"Guerrero Jr., Vladimir","R","R",28.12806471348352,28.66683877999213,27.80769117858741,-11.610215460389997,34.02144238536994,5.893377671886414
683734,"Vaughn, Andrew","R","R",31.774051484608478,28.568805449145607,33.31403084624626,-2.0769974295998006,30.23539355494694,-1.5386579296615481
669477,"Schmitt, Casey","R","R",29.07174543830392,23.376884950273254,25.515818795276775,2.7248497134616727,32.1419151343104,3.070169696006485
663757,"Grisham, Trent","L","L",33.39297227996157,31.61833562990811,22.31083184103209,-14.862395717169147,23.643276221850755,-9.74969605811082
575929,"Contreras, Willson","R","R",23.83433876378468,30.97044319580746,25.440865012303934,-6.431993433978327,27.620440943771193,3.7861021799865133
681807,"Fry, David","R","R",28.826366550442994,33.4792668924215,23.87295935206055,1.3474945138366088,28.88204270752589,0.055676157082897096
701762,"Kurtz, Nick","L","L",23.452152333066937,28.362617077234425,32.794236272574196,-9.872121909452966,24.777580293706873,1.3254279606399397
676914,"Schneider, Davis","R","R",31.34881829174878,24.68210601548378,24.94045305683552,-11.065529085173383,34.122519073447144,2.7737007816983685
606192,"Hernández, Teoscar","R","R",30.726919844382234,29.94243246898324,27.419908904270024,-6.983702202956023,30.818940664255067,0.09202081987283262
602104,"Urías, Ramón","R","R",29.558107665532695,28.316400469271834,29.586852667778796,-18.143013783899928,30.891491960621476,1.3333842950887735
669127,"Langeliers, Shea","R","R",27.27765149669012,29.513780596992056,35.52130091804963,-16.681296217037378,32.872923734297586,5.5952722376074675
624641,"Sosa, Edmundo","R","R",28.040937749931647,25.8043373867681,34.35408401229083,-7.66198071012377,30.33573891740652,2.294801167474875
593428,"Bogaerts, Xander","R","R",19.506613863871355,28.93492515181494,29.911460789257248,-5.878384304102399,33.16298900090379,13.656375137032436
605137,"Bell, Josh","R","R",31.950735666285844,27.325227538893014,28.348586433751624,-20.459637951657857,27.01860336108212,-4.932132305203731
608348,"Kelly, Carson","R","R",29.83387079199733,29.710438227880452,24.259223957247674,0.9862154810145326,30.637368186849088,0.8034973948517585
664761,"Bohm, Alec","R","R",25.72172094250707,28.889225787767128,38.07908249632614,-7.95107871157966,28.993118870165596,3.2713979276585317
663968,"Mangum, Jake","R","R",26.259891416500427,28.04573251293585,25.32036904697333,0.03172618917529103,25.858704069643984,-0.4011873468564404
542303,"Ozuna, Marcell","R","R",34.48206172818241,25.57638472419671,33.97111085310101,-26.132048633663977,32.24990267921057,-2.232159048971835
669701,"Smith, Josh","L","L",31.87600885717939,28.05330633496214,21.918503996909156,-21.374180957838547,31.620846224850894,-0.2551626323284958
660670,"Acuña Jr., Ronald","R","R",31.68110238229445,25.576612581956322,32.80806327969062,-14.1278457193068,31.189670021648887,-0.4914323606455663
642708,"Rosario, Amed","R","R",20.461588786819295,21.961364428458555,37.838104779888994,-17.256729416407307,31.036756215814304,10.575167428995012
621439,"Buxton, Byron","R","R",23.36549750612087,27.624382283345046,28.804618665670517,1.5855411290224934,27.599828780825423,4.2343312747045525
686780,"Pagés, Pedro","R","R",27.273107135286388,28.656152436894942,28.659956517934116,-5.531509225485903,35.747357447575645,8.474250312289254
676475,"Burleson, Alec","L","L",34.8692865176344,24.193473666183355,19.48710482552659,-24.088929657192452,29.35867739301228,-5.510609124622112
608701,"Refsnyder, Rob","R","R",30.372901420731715,28.94478764722379,25.167216981882508,-3.5956183716774794,30.12791068483933,-0.24499073589238984
700337,"Quero, Edgar","R","R",32.59357820866727,29.383565601094016,25.231551872177814,-5.181169099292739,26.96850979046247,-5.625068418204799
680574,"McLain, Matt","R","R",27.67011251357202,27.366529837959302,27.68770925918794,-18.350274415499776,32.12534538807058,4.455232874498553
672275,"Bailey, Patrick","R","R",27.009216310355978,28.42396060881015,27.07431963758556,-7.6866385491429865,29.038970949631345,2.029754639275371
643289,"Dubón, Mauricio","R","R",26.625147844739757,28.068990193545037,37.59355742033307,-20.948724949474574,26.025671203575012,-0.5994766411647435
807713,"Shaw, Matt","R","R",30.16650853236131,28.960675366821864,19.253315551413184,-11.284383746491008,30.02185107445345,-0.144657457907857
641857,"McMahon, Ryan","L","L",23.238752284599165,32.16818997603315,42.912278261034324,0.36982867076808246,26.865063173529,3.626310888929835
669707,"Triolo, Jared","R","R",29.37994448773022,26.443983848145646,34.927785877221716,-1.756890941981702,28.782503200453863,-0.5974412872763588
643376,"Jansen, Danny","R","R",22.71762769584451,29.911961895833258,41.896382325122275,-6.921739159608328,36.19822727873572,13.480599582891204
668904,"Lewis, Royce","R","R",24.22644099299855,26.050177186790254,28.283474690292373,-7.90538561606496,28.51596531375762,4.289524320759066
678554,"Mead, Curtis","R","R",33.71200492464936,27.65088422161803,21.346224928621808,-10.067304225369133,29.15739592260102,-4.5546090020483305
650489,"Castro, Willi","R","R",31.845792531943353,27.484602396908002,23.776717927110315,-0.8855506280948444,31.798080945821226,-0.04771158612213511
500743,"Rojas, Miguel","R","R",29.422910488827956,28.631161298553085,25.495936670016828,-7.487481944394942,35.01409620193554,5.591185713107589
643396,"Kiner-Falefa, Isiah","R","R",29.947655481642094,27.904785599376773,26.687374667518085,-25.813338772151237,28.946773609382593,-1.0008818722594972
669397,"Allen, Nick","R","R",27.371382297478494,26.678671726336702,29.17208731169795,-8.937398278278193,31.884141640251173,4.512759342772677
669289,"Espinal, Santiago","R","R",36.617857762071125,25.33329426437477,21.12503448733199,-15.62122460325356,32.74717334945882,-3.870684412612306
681715,"Hernández, Heriberto","R","R",28.9475894410274,26.699433187483702,33.92043386992172,-16.385838400484634,33.78884711609967,4.841257675072266
805779,"Wilson, Jacob","R","R",28.116150401275007,24.593377888549785,29.04712888441518,-27.301344119668187,30.152539090978266,2.0363886897032604
666176,"Adell, Jo","R","R",26.049268947642954,27.72785691313238,38.2155043531588,-11.580400866802346,26.784687615098562,0.7354186674556085
656305,"Chapman, Matt","R","R",28.23358811950069,29.881546474623367,26.946906154720164,-9.878469849525926,28.6118929743052,0.37830485480451037
671732,"Butler, Lawrence","L","L",25.00248856387586,32.34094372000585,39.54693812203527,4.362452422319055,27.525487975048097,2.5229994111722376
663743,"Fortes, Nick","R","R",30.689695571107332,27.495925346893465,33.91278959426301,-13.848539467379897,29.662803949901225,-1.0268916212061063
691176,"Domínguez, Jasson","R","R",29.353704147007445,25.28895640085571,23.23266178367783,-24.253227751585754,28.774508197104716,-0.5791959499027219
672744,"Canario, Alexander","R","R",28.11568622551691,27.218482573379276,30.663241579006197,-19.25207643830788,30.791534220631917,2.67584799511501
691594,"Sanoja, Javier","R","R",20.576571204062287,27.17582634811595,24.773437144443193,-25.546034040179105,27.329004678763486,6.752433474701204
663330,"Jones, Jahmai","R","R",24.54870064396295,29.446267313233506,19.490914960574457,-7.972459940755573,32.64315041269597,8.094449768733016
457759,"Turner, Justin","R","R",32.935496339201904,22.110882271473983,15.07511991954423,-34.12687640606369,37.23015426573252,4.294657926530618
681082,"Stott, Bryson","L","L",27.14433823639885,24.739750570668217,38.03427382850038,-5.495169316524302,28.04980242921288,0.905464192814028
680777,"Jeffers, Ryan","R","R",28.528494611837825,27.162372852169465,35.93818128236152,-8.039123860005354,29.19758119762089,0.6690865857830695
663647,"Hayes, Ke'Bryan","R","R",32.609906551548505,25.77530878463251,25.72035570800703,-17.30804543136671,34.36357478215091,1.7536682306023983
593871,"Polanco, Jorge","R","R",21.64427368698429,25.535785900148706,33.203731818155696,-10.521238850476928,34.15506676973955,12.510793082755258
543309,"Higashioka, Kyle","R","R",30.710605633213746,23.49150765955806,28.770694062261605,4.045178333826058,29.585075691219018,-1.125529941994734
514888,"Altuve, Jose","R","R",13.070306987098427,29.658855336778732,28.9805619583566,-19.40493719705762,31.63504595137424,18.564738964275815
571771,"Hernández, Enrique","R","R",28.86914736901034,31.64430287429022,23.25448451278204,-6.271960410261124,31.62475494649631,2.7556075774859643
687263,"Neto, Zach","R","R",18.619212078962097,21.148266130013592,39.703892011014815,-3.6011225275787324,37.371391511191014,18.752179432228907
681393,"Norby, Connor","R","R",26.567966102936577,25.999309327747834,34.88137380861361,-9.794627593997054,32.80939705575267,6.241430952816093
672580,"Garcia, Maikel","R","R",30.501973139810183,25.93593946980324,35.1685681490161,3.383926612883864,35.33797346719426,4.836000327384077
666023,"Fermin, Freddy","R","R",28.608059193387504,27.42633018209442,31.094970482191982,-3.2403274668254154,29.12319787765452,0.5151386842670149
676059,"Westburg, Jordan","R","R",23.700463735097287,32.4494653558227,28.904363395713453,-9.520564161971953,31.74263267908273,8.042168943985443
700250,"Rice, Ben","L","L",32.24195817686402,28.841230613590106,32.900302186772784,-30.941399656751486,30.645942033903715,-1.5960161429603041
693307,"Dingler, Dillon","R","R",25.881738241070998,28.089617436525796,38.620034276458945,-12.413762314814976,28.594029612681936,2.7122913716109367
677587,"Rocchio, Brayan","R","R",22.652178867610967,26.153974175101094,37.62303297972465,-5.493599768561577,34.163615593025106,11.51143672541414
702332,"Durbin, Caleb","R","R",32.54632213792286,26.798548392361838,27.70489145756701,-19.62224715270668,28.170994769375422,-4.37532736854744
671056,"Herrera, Iván","R","R",31.55607099831554,27.456652794343977,33.67821233918433,-44.806485217169815,32.945482625019615,1.3894116267040748
678662,"Tovar, Ezequiel","R","R",28.6769568693172,24.013199645833343,34.57066183276697,1.0555601077563366,29.044834075619136,0.3678772063019434
571657,"Farmer, Kyle","R","R",27.16720450742538,27.581128031274886,27.993297064001155,-10.296178098886887,32.582833710853535,5.415629203428144
571448,"Arenado, Nolan","R","R",32.52815370457219,28.53302516425546,31.09945715207794,-4.226534052558026,34.950387498390455,2.4222337938182545
671289,"Freeman, Tyler","R","R",30.584966195721456,28.855589638472676,29.0991007509318,-18.501532569406873,29.19869181819082,-1.3862743775306314
643446,"McNeil, Jeff","L","L",29.859230695393336,24.944471612845422,32.57298959984378,-0.6711415910641065,29.218035871088055,-0.6411948243052796
663624,"Mountcastle, Ryan","R","R",25.75871857874493,30.89230939666592,35.145751669711615,4.614188586329224,28.15450398849615,2.3957854097512197
665833,"Cruz, Oneil","L","L",27.92022797868077,26.820692165482384,40.80700189947282,-10.396249117542325,37.297193144925814,9.376965166245048
456781,"Solano, Donovan","R","R",27.080139589268807,26.645293709897018,34.247079160663404,-13.84666244766895,29.245545961846645,2.165406372577838
608324,"Bregman, Alex","R","R",28.924501346122636,24.869382577819515,30.370074286957248,5.89729201379339,32.591633301182725,3.667131955060092
672761,"Pérez, Wenceel","R","R",27.449322379841437,23.088904341050135,31.2541625939534,-6.757453261892047,27.54176460078845,0.0924422209470103
810938,"Williamson, Ben","R","R",27.830957443378843,28.466948656262282,21.589847310678405,-0.4038180712512648,24.813753626265505,-3.017203817113338
682622,"Marte, Noelvi","R","R",27.380283133739038,26.65873332090034,27.599537164788927,-20.766991192144697,35.21485280237149,7.834569668632452
669065,"Stowers, Kyle","L","L",30.208248964839942,29.872032220870064,34.65302102471079,-10.312903541851266,32.021490018524226,1.8132410536842865
656716,"McKinstry, Zach","L","L",27.186684357522942,26.563875339316436,31.959572467967362,-2.6947429682536526,27.225605667152102,0.03892130962916118
502054,"Pham, Tommy","R","R",30.949333234414002,27.551161087412222,37.76044059775059,-4.4896882243156355,31.81059063571571,0.8612574013017085
656811,"O'Hearn, Ryan","L","L",26.353479427277325,29.923274976731676,25.64149958697098,-7.891914908773569,25.88232480033465,-0.47115462694267346
665161,"Peña, Jeremy","R","R",30.9772830987979,25.90965409946266,33.6757267518367,-23.027699978357973,31.195697545804023,0.21841444700611645
693304,"Gonzales, Nick","R","R",31.693558073050966,26.434227892258736,24.993025664727814,-18.604316987024916,30.205087103705303,-1.488470969345658
596103,"Slater, Austin","R","R",33.8060210306486,25.619326605584742,21.475561636840407,-26.08974222572099,29.60608808739535,-4.19993294325325
694384,"Schanuel, Nolan","L","L",30.477013700596306,24.042995101763708,36.08162632813732,-1.1132837520216539,30.27748863105182,-0.1995250695444828
678877,"Noel, Jhonkensy","R","R",29.031222035684102,33.4822350533639,40.576147741603684,-1.1960052684476012,35.01863170575872,5.987409670074616
669720,"Hays, Austin","R","R",12.308475448259577,28.369171341316942,25.876357559942814,-6.013556501042479,37.081114810108126,24.77263936184855
691023,"Walker, Jordan","R","R",24.169170490757548,31.36238239177638,28.24627676884517,-17.007646249641006,30.85493150781295,6.685761017055403
669242,"Edman, Tommy","R","R",27.19850257874037,29.156302021317536,23.46153386220283,-2.820072491060473,29.645176146333498,2.4466735675931273
671277,"García Jr., Luis","L","L",28.535168371213615,29.996872894086714,32.25915514757434,-11.067974705920037,33.24759958150349,4.712431210289877
663616,"Larnach, Trevor","L","L",28.69755452249426,28.125389137020665,38.3934613721749,1.1017493117794528,35.719523579836206,7.021969057341947
669394,"Burger, Jake","R","R",23.578392099603256,31.554660327813746,23.764589818846105,-2.1930695889325635,31.57799186972154,7.999599770118286
656555,"Hoskins, Rhys","R","R",31.567524959294783,28.47756725150698,25.657858843313278,-5.282913033392538,34.32529945050336,2.7577744912085773
663586,"Riley, Austin","R","R",28.672774297257845,27.784125435715918,30.02604261150097,-9.868068419890793,36.14809534842421,7.475321051166362
670242,"Wallner, Matt","L","L",28.084032731488985,32.054365363110854,29.746438237997033,-46.381695893862606,37.18866774273139,9.1046350112424
621438,"Taylor, Tyrone","R","R",26.447312519066536,25.66853428309639,26.33498671264864,-16.04495190464007,30.444526736315368,3.997214217248832
673357,"Robert Jr., Luis","R","R",31.425713399295848,27.17084433574037,32.944162246032505,-19.59958510903945,28.09705240326984,-3.3286609960260063
676609,"Caballero, José","R","R",20.89051513795753,24.290653190612044,28.93314883319329,-27.362783807213653,34.39207749829583,13.501562360338308
669911,"Toglia, Michael","R","R",22.091263227406664,30.567270085441848,33.60850102805161,-4.202766777208197,30.440576838860053,8.349313611453395
650859,"Rengifo, Luis","R","R",17.871914530003014,26.771126461003096,34.05183974073804,-18.96299029674026,27.623485917490264,9.751571387487248
643217,"Benintendi, Andrew","L","L",31.109073096564867,23.08724946077384,23.129794834604027,-17.098177491450336,35.20049084610445,4.091417749539576
687363,"Scott II, Victor","L","L",23.88881594804614,24.47178203728957,20.15173889881916,-49.060649097222935,32.24318601164689,8.354370063600749
642201,"White, Eli","R","R",28.341855456845416,30.473204769948016,32.15579089891875,-13.479566724209235,28.018592705289798,-0.32326275155561734
609280,"Andujar, Miguel","R","R",28.551541091418997,30.69527137112781,25.16395888724882,0.40849323444961944,32.74046214787557,4.188921056456565
802415,"Simpson, Chandler","L","L",26.94543420192489,32.60408940502868,32.56063164634392,-9.511823900220055,19.610000187219885,-7.335434014705006
663697,"India, Jonathan","R","R",28.99517526355975,28.219067025784273,29.957825401461786,-11.114723075942804,29.502929488996603,0.5077542254368546
621493,"Ward, Taylor","R","R",31.460501599039493,25.552792916979648,18.435076371997017,-44.265717978318214,32.4339837244316,0.9734821253921002
573262,"Yastrzemski, Mike","L","L",28.900795148675584,25.37283216479817,23.83443293263185,-2.9145723413984546,29.452937842136457,0.552142693460873
595777,"Profar, Jurickson","R","R",30.302708246329125,27.123118015506755,25.31040730998289,-35.12100577095819,33.708626899432765,3.4059186531036416
656180,"Adams, Riley","R","R",28.758050540989288,29.091122789626436,34.65417627784449,-12.057126640103611,29.86017831405443,1.102127773065144
553869,"Díaz, Elias","R","R",26.74894834208433,26.518937754485417,31.130031175400344,-21.427542745210598,36.609394338229116,9.860445996144792
669743,"Call, Alex","R","R",33.47349061531769,27.386075028466827,25.533963315643923,-36.76963474563874,28.32413853669855,-5.14935207861914
686948,"Baldwin, Drake","L","L",27.171339343099056,28.55097185786809,32.49322008088766,-14.607456711819534,28.357759390624363,1.1864200475253044
545361,"Trout, Mike","R","R",29.825447053569757,25.411813203506778,28.274837633967557,-8.897901863734708,23.155405649251907,-6.67004140431785
595978,"Hedges, Austin","R","R",30.558015334844725,26.728454938539265,24.37613563175122,-12.734756321442958,38.643638210255304,8.08562287541058
670764,"Walls, Taylor","R","R",31.578603378261032,25.00407013285564,24.09127460919967,-9.716032701734047,28.72184480988764,-2.856758568373397
677649,"Duran, Ezequiel","R","R",31.71245705133362,24.78999521998215,28.256754372677616,-15.576051454385054,30.387610850969146,-1.3248462003644716
664059,"Haggerty, Sam","R","R",17.43339621323787,30.66486412622351,30.866724011267475,1.1345896239121367,26.850656503032056,9.417260289794187
691723,"Mayo, Coby","R","R",24.44496194578678,27.34655851888589,37.524369729930896,-4.7745709611401965,35.068460529942584,10.623498584155806
672724,"Peraza, Oswald","R","R",27.490028764783446,29.026008474536038,30.18692390320777,-9.864955780917418,30.723392118699913,3.2333633539164666
669257,"Smith, Will","R","R",32.83026009676137,29.786707578200005,16.027173567523995,-19.764872603392156,30.852180263975054,-1.9780798327863207
665019,"Clemens, Kody","L","L",32.531820411076346,28.411266431281128,31.248298287094666,-34.710871907501925,34.20016885534885,1.66834844427251
666310,"Naylor, Bo","L","L",27.585645842153163,32.17169603089921,31.35549392120404,-19.859992179223518,35.56537179072543,7.9797259485722645
667472,"Myers, Dane","R","R",31.652706753858947,27.15009763546529,20.600117473420866,-16.652736089039884,28.958517051382632,-2.6941897024763115
691781,"House, Brady","R","R",22.55568864227067,26.6161432504944,32.87534499997095,-5.19372122845612,27.646117253760547,5.09042861148988
666134,"Jones, Nolan","L","L",27.121789498347205,27.870683602190233,29.564230559370074,-6.994348741687689,32.336814434934595,5.21502493658739
683737,"Busch, Michael","L","L",31.227255948370228,26.82174122891832,31.807150928173023,-0.006054366870760872,33.159925899255455,1.932669950885222
665926,"Giménez, Andrés","L","L",27.33277632273691,29.649578017774456,31.78832647624214,-13.147622456369573,29.018477043198125,1.685700720461214
696285,"Young, Jacob","R","R",29.72591599266281,30.530264222854772,32.85618812827575,-8.401235013032364,26.95581394462063,-2.770102048042177
700932,"Manzardo, Kyle","L","L",22.438040647705833,32.24084996938643,36.19246675151866,-2.289416497054992,34.35696949723857,11.918928849532742
682641,"Matos, Luis","R","R",27.061601647626528,27.709887700246448,44.200862089679134,-9.01988005202713,33.93245312335463,6.870851475728107
669357,"Gorman, Nolan","L","L",32.46628001828514,30.547263927723545,28.430189967978063,-17.22425352426652,35.115121079446666,2.6488410611615234
695657,"Montgomery, Colson","L","L",32.52093277982275,28.39869706343679,25.566249483967326,-12.66165844492651,33.89360897606046,1.3726761962377112
694374,"Tawa, Tim","R","R",27.381769544490428,25.695397102227034,29.53905051610834,-7.665565832097504,33.26390725178737,5.882137707296945
695734,"Lile, Daylen","L","L",28.98796568346919,26.468321840638165,24.428336316637623,-14.30663762286237,26.220349257301763,-2.767616426167428
681351,"O'Hoppe, Logan","R","R",27.66015882431336,27.808493347350307,32.74832404795053,-3.5778807917354514,31.700968488530997,4.040809664217633
642215,"Wilson, Weston","R","R",25.85750243728994,28.001064287383205,29.55240417428632,-10.69416012412576,31.07321209201745,5.215709654727514
657557,"DeJong, Paul","R","R",28.44919511953754,26.539188235860145,30.24400313691811,-11.011312489222904,34.560858179718856,6.111663060181318
669016,"Marsh, Brandon","L","L",28.43928780954361,30.481180017938613,35.923064091455004,-7.460841580328974,27.95703831050189,-0.4822494990417191
701350,"Anthony, Roman","L","L",29.03356588627706,26.851021128286778,24.71374292682701,-6.966537488873693,36.97723562971612,7.94366974343907
666149,"Fitzgerald, Tyler","R","R",27.319412258654488,25.384171849584792,33.31781405331329,-2.1442221939351027,32.29389529249683,4.974483033842346
666018,"Aranda, Jonathan","L","L",27.33608151868777,29.759542119986463,31.247487714581226,-17.1762034628635,27.519603774437677,0.18352225574990538
680718,"Barger, Addison","L","L",33.46745356375801,25.83670098050952,21.2444255423651,-53.28608864516905,30.441193653040404,-3.026259910717607
647351,"Toro, Abraham","R","R",27.519966400067606,29.171257169762832,26.425262242421997,-21.281555196588915,34.54117208713661,7.021205687069005
668939,"Rutschman, Adley","R","R",27.33360006633348,26.840230993918706,40.06571971113453,-4.776935975159777,27.236845766248013,-0.09675430008546779
672515,"Moreno, Gabriel","R","R",28.333890581672243,25.902421628244532,32.131209899172966,-12.381240262658999,34.96825517026483,6.6343645885925815
677950,"Thomas, Alek","L","L",20.346956475079292,27.288518754127146,17.035876149514987,-24.332170031642168,33.886489838882696,13.5395333638034
677942,"Alexander, Blaze","R","R",27.72475179713967,28.39923766452361,34.59151284427091,-10.149026227763002,24.16986476037314,-3.5548870367665364
805249,"Kemp, Otto","R","R",26.913190040022716,22.72441843270826,32.09538192235931,-0.12347997512781111,32.98292921158085,6.069739171558132
681297,"Cowser, Colton","L","L",28.336530185764612,28.880058370551584,31.938256485971987,-4.023013630604606,37.02304514675617,8.686514960991556
663698,"Bart, Joey","R","R",30.867097151529265,28.670551058760285,27.35895945359402,-0.5438512812134132,34.00825294599792,3.1411557944686512
677800,"Abreu, Wilyer","L","L",30.070834330834938,27.063760418587346,30.03513706238889,-26.3080275203755,31.325626258876238,1.254791928041298
663604,"Lockridge, Brandon","R","R",26.422063660151096,31.076796823604628,36.38417560971951,-9.104315112036154,29.731096081649966,3.309032421498877
624428,"Frazier, Adam","L","L",21.031620999615424,22.429850852562698,37.54851017985676,0.43393620254116294,24.01631138596238,2.9846903863469567
624424,"Conforto, Michael","L","L",27.163028250509743,28.504184925055874,31.153161703563875,-5.6575097954630085,26.768684978907533,-0.39434327160221283
687515,"Thomas, Colby","R","R",29.74859119984904,26.95855220242456,32.893051254127805,-32.44156048125858,29.70395187892604,-0.04463932092299927
643565,"Tauchman, Mike","L","L",33.40842553839214,29.62189068470151,23.20031809844432,-10.713019099087258,28.556545836723224,-4.851879701668922
695336,"Saggese, Thomas","R","R",22.66736292952419,26.025491888146668,23.71906651653962,-4.231569884500672,26.54648619276558,3.87912326324139
620443,"Torrens, Luis","R","R",26.874824267542014,29.736473748439295,34.012859055732946,-13.785156400422851,24.623351326286766,-2.2514729412552534
663886,"Stephenson, Tyler","R","R",27.079551945070776,28.629404544814633,36.615331950137076,1.0231734469068265,30.11641459493405,3.036862649863272
692225,"Campbell, Kristian","R","R",28.428305782029724,28.734730296076684,32.226797476867304,12.560009898642942,28.58475287686535,0.15644709483562327
680779,"Davis, Henry","R","R",32.43915153847008,27.746764309534207,35.55748623110623,-10.36279243918736,30.805974358239638,-1.6331771802304453
683146,"Baty, Brett","L","L",29.640318460586006,30.980530028658915,25.603331351454205,-8.403128326231593,26.417508350143805,-3.222810110442204
571970,"Muncy, Max","L","L",27.938606195412778,29.357440411931268,22.78533520438341,-2.506345970719794,39.80487163045531,11.866265435042537
519317,"Stanton, Giancarlo","R","R",27.098330119712358,33.785907664244235,42.98387514504137,12.175486423377032,26.037951004356717,-1.0603791153556337
666185,"Carlson, Dylan","R","R",28.258413996558634,25.973518479915857,23.066685714687157,6.371742554812658,29.587132076619508,1.3287180800608738
656537,"Hill, Derek","R","R",29.40912571248412,26.940894928201782,20.339561990830628,-14.09362578089699,30.546437447627053,1.137311735142934
660821,"Sánchez, Jesús","L","L",26.884618239425997,28.858686317057195,34.80791452326918,-10.207020365756494,35.897331904679156,9.012713665253155
686611,"Crews, Dylan","R","R",29.77008015392215,26.21242335430338,29.549897873464904,-14.698564249139253,31.62355983016987,1.8534796762477126
596146,"Kepler, Max","L","L",32.920133224523,31.399661946632754,35.276377963400506,-24.07817496490279,33.44692054595265,0.5267873214296505
649966,"Urías, Luis","R","R",29.816504250363206,26.095397590705737,26.52854702086483,-15.393049598823007,30.113080870195184,0.29657661983197736
624431,"Trevino, Jose","R","R",20.422337879835563,30.982187672913753,23.759618250227096,-17.768782448872358,32.17019135424832,11.747853474412755
592192,"Canha, Mark","R","R",25.1944762289376,26.948948766431634,28.61869903076608,-4.0022320822139195,30.133007809327296,4.9385315803896965
679845,"Loftin, Nick","R","R",28.833554604013095,28.076570140870324,24.570752144204125,1.3415402147792,36.40594151980729,7.572386915794193
679032,"Rojas, Johan","R","R",28.31866297786537,25.929162302715653,27.896533491417127,-9.343338449532718,26.931485641402883,-1.3871773364624858
668709,"Bleday, JJ","L","L",27.62560682371153,32.44242007317543,34.79970908734895,-14.786924677526033,31.832499047253943,4.206892223542416
805300,"Marsee, Jakob","L","L",30.490415330997575,29.857587304495706,25.154093350946024,2.3746301558929757,31.979423610833788,1.4890082798362179
680474,"Schuemann, Max","R","R",30.463126501750903,28.812016548239868,29.100007312199892,0.09538497958526929,23.850030572805547,-6.6130959289453575
681481,"Carpenter, Kerry","L","L",33.0366193015831,29.110254214675905,22.461761667710096,-10.026948734104531,23.651287198272595,-9.385332103310503
669234,"Malloy, Justyn-Henry","R","R",31.01901557138348,28.507590748625923,29.056821504888923,4.912899516505687,31.126416829468766,0.10740125808528231
682626,"Alvarez, Francisco","R","R",26.060621679094723,27.446550689746083,34.56529018747201,-10.89918736598429,26.41377762563186,0.35315594653713633
686527,"Canzone, Dominic","L","L",33.2877517297643,30.082619493055248,27.903031090806905,-5.718412182879364,38.06209266488464,4.77434093512034
682668,"Acuña, Luisangel","R","R",28.719215176324575,25.36044671580493,24.060255841480757,-3.358912037142256,27.457670335915182,-1.2615448404093932
641933,"O'Neill, Tyler","R","R",24.99846775963848,24.94118817120428,29.419808475263064,-9.764423440148548,35.21652096877363,10.218053209135151
605170,"Caratini, Victor","R","R",30.382815603084612,24.50738584795215,30.528921722200337,-15.42857336240276,35.73791556817156,5.355099965086946
670623,"Paredes, Isaac","R","R",31.041903537302673,25.340453818770236,30.168663782901714,-36.42483951788391,39.95798110694715,8.916077569644472
695506,"Caglianone, Jac","L","L",22.769332934868476,29.537219272891043,43.38735080744234,-11.339781094846973,31.867721984278134,9.098389049409663
673490,"Kim, Ha-Seong","R","R",33.51415170223594,25.966711249891283,15.848924120659769,-19.025350632249665,32.798145591435414,-0.7160061108005159
702284,"Young, Cole","L","L",26.2164107584589,25.349572186826585,32.83597125349108,-12.387407041858994,26.06391791499116,-0.15249284346774206
676694,"Meyers, Jake","R","R",30.5110373828125,30.396160261817872,31.51442527850645,-2.725555859370216,30.486850587400554,-0.02418679541194574
807712,"Keaschall, Luke","R","R",23.399049574887474,27.626478832660325,35.38838537549494,-16.47205959329121,30.508341912105152,7.10929233721768
666158,"Lux, Gavin","L","L",33.78357788064569,28.560634116123918,28.71212555055374,-11.914428376792646,32.17995743419602,-1.6036204464496744
662139,"Varsho, Daulton","L","L",28.67170218444001,25.63919480361108,28.192088953525413,4.3068933302970684,30.250909394770478,1.5792072103304626
680737,"Helman, Michael","R","R",32.33841299310006,25.275542114981327,18.936697159742707,-27.774742610144244,34.590944674769666,2.2525316816696064
669236,"Jackson, Jeremiah","R","R",29.137631093458534,31.961574369892126,33.455084888809566,-11.668172136990547,31.406431530848263,2.268800437389728
687462,"Horwitz, Spencer","L","L",30.676136747870014,25.928764932159684,24.782020331410248,-11.181166787490243,28.03590041169395,-2.640236336176067
664728,"Isbel, Kyle","L","L",28.377470177318447,27.160421524494684,24.202630745052563,-11.901005244793499,32.936377358116104,4.558907180797654
606115,"Arcia, Orlando","R","R",28.3291762992562,26.458307207079855,29.96221101174789,-21.578984749351083,30.32125165697059,1.9920753577143877
687231,"Hernaiz, Darell","R","R",30.717968037062526,26.69807325109208,32.83664034122124,-17.363433695589865,27.260080974749226,-3.457887062313306
665953,"Chaparro, Andrés","R","R",27.18821639517227,27.28360694711259,38.29690477601137,-24.957209185134314,34.61305355624558,7.424837161073306
671286,"Rodríguez, Johnathan","R","R",29.610252091978595,28.77174383236577,36.89764131630034,-12.098782357853542,35.31166824847992,5.701416156501327
676801,"McCormick, Chas","R","R",19.868144073894474,33.576588899945406,28.69809573730603,4.464070666545408,27.128079077957885,7.259935004063415
669717,"Wilson, Will","R","R",27.173356503574077,27.70617156419293,27.05646308442763,-3.2782291162874304,35.73916450195768,8.565807998383605
682177,"Schneemann, Daniel","L","L",29.68591992206582,27.016875608692956,29.843533495494786,-6.608730885174549,33.692519743133175,4.006599821067354
666160,"Moniak, Mickey","L","L",25.902954602920822,32.0887491455898,32.021979073095814,-10.412432509884662,30.445266202460054,4.542311599539232
655316,"Monasterio, Andruw","R","R",27.595493911464107,25.111573688518607,32.89261870711067,-2.69234572574171,35.584142976875846,7.98864906541174
681460,"Baldwin, Brooks","R","R",29.84999377234393,29.42164317377814,32.38160437779074,-2.3800006356685355,29.544552742426173,-0.3054410299177559
543877,"Vázquez, Christian","R","R",27.205597063988037,26.941819227231203,25.641873675931475,-14.483499589017283,34.69059527094251,7.484998206954462
681146,"Bride, Jonah","R","R",25.673731669784317,30.397903595617166,30.41631663353621,-19.74478526954119,33.072746377319234,7.3990147075349215
624585,"Soler, Jorge","R","R",28.211566112707757,29.051821976761428,38.121109583828684,-19.563196294592764,28.475797399109837,0.26423128640208265
689414,"Hicks, Liam","L","L",27.514799891984403,27.098302209475122,25.28043505988979,-20.70651897690332,30.101715437487535,2.5869155455031256
650968,"Pozo, Yohel","R","R",23.031241972209664,28.68663512561862,38.700644340490555,-28.786243378209537,28.352828849469734,5.321586877260067
570482,"Urshela, Gio","R","R",30.974507637600958,27.81218385358001,31.654218241799303,-15.965110552913352,31.384527790259455,0.41002015265849595
645302,"Robles, Victor","R","R",9.180640839681896,31.234217645103392,40.10633198899248,6.726423410658829,22.43214878836458,13.251507948682683
518595,"d'Arnaud, Travis","R","R",28.33067354228853,28.461495668060003,27.130845945898276,-14.515224989794412,31.64782567749543,3.317152135206902
668885,"Martin, Austin","R","R",32.93823887836439,26.48654279567577,30.023878082715665,-10.601714489486412,31.93210373926128,-1.0061351391031044
545121,"Vargas, Ildemaro","R","R",27.81659563124889,25.705383267501272,28.180568674267445,-10.315137329901932,32.98727088607873,5.170675254829845
678489,"Barrosa, Jorge","R","R",22.585415902003874,27.62976484549304,27.740904078025135,-15.487968355257975,30.989639386493543,8.40422348448967
690022,"Ritter, Ryan","R","R",25.986528934740598,26.428214451938356,33.731677682217835,-3.146217236870119,30.363545869031217,4.377016934290622
657136,"Wong, Connor","R","R",28.382901442466068,28.30162171094607,30.024151033360898,-14.416255576132105,34.02057769155726,5.6376762490911885
686681,"Massey, Michael","L","L",27.05953078783951,27.964919139522173,31.28221761756061,-6.564942551726704,32.33413216453506,5.274601376695556
645444,"Herrera, Jose","R","R",26.572558006151773,25.563180135937333,22.15187302696178,-8.937744861417562,30.636807883004952,4.06424987685318
695681,"Moore, Christian","R","R",28.496984982279372,24.267640463702403,40.21155794256444,-6.957253454663704,30.270172484510137,1.7731875022307628
805373,"Alvarez Jr., Nacho","R","R",32.78096793790853,26.562903883034824,31.70861501534254,-5.788788877965018,29.52992123330275,-3.251046704605779
657041,"Thomas, Lane","R","R",23.040175812806012,28.738374038558295,40.522507217076786,-12.843334186613728,29.004014559567484,5.963838746761468
683227,"Freeman, Cody","R","R",28.193706432884156,26.126606199887874,27.716399434330643,-7.167789262079033,33.73160497927992,5.537898546395764
663368,"Perkins, Blake","R","R",24.840869487850636,30.70114869810295,33.37375841650502,5.329088910642677,24.099749702905903,-0.7411197849447335
623993,"Santander, Anthony","R","R",23.15524097759668,27.461022227848858,29.41065468246392,-6.208446993840473,29.08889607216307,5.933655094566383
607732,"Stallings, Jacob","R","R",26.2720546936195,29.24218885385584,26.63872292482459,-15.871886965634028,28.515922681104787,2.243867987485287
681962,"Capra, Vinny","R","R",27.843496185335965,27.388980110566493,26.325542707630987,1.0749594235317457,30.281744502371637,2.438248317035675
663837,"Vierling, Matt","R","R",36.58891651507001,27.286919709188187,25.122361349303738,-14.030189271546318,30.379881718007855,-6.209034797062154
681987,"Eaton, Nate","R","R",28.337010220610637,25.41408611231657,25.07260844241718,-15.338876392388785,36.379443933147,8.042433712536358
700242,"Sweeney, Trey","L","L",27.584987853193734,30.943216829529582,23.90422826515419,-21.747104626655183,35.90571080855108,8.320722955357347
642851,"Wynns, Austin","R","R",28.443927123920535,29.29524845259323,30.442157909191916,-10.954714262458447,34.49351566340577,6.049588539485237
691777,"Muncy, Max","R","R",25.204701973065987,28.623929774788806,33.993646457274394,-17.86558083848915,32.434766774694616,7.230064801628628
691019,"Teel, Kyle","L","L",30.848803106581702,29.707469931476222,32.89657286525755,-15.21763941579845,24.679341187138064,-6.169461919443636
669450,"Hummel, Cooper","R","R",31.660701793281664,28.27913694942254,27.760758180737053,-4.579444440743934,30.984113486497158,-0.6765883067845112
681546,"Outman, James","L","L",27.07571312544723,28.461088098458053,35.115733650427686,-6.228516653323317,33.97227944267559,6.896566317228361
671221,"Waters, Drew","R","R",25.044747027434326,29.029843709227976,24.69878876796754,-8.576134296354507,25.618859549901664,0.5741125224673369
660688,"Ruiz, Keibert","R","R",30.050774871261922,30.87018984810391,30.362913354446256,-19.559028056784783,35.239553558696244,5.188778687434325
455117,"Maldonado, Martín","R","R",26.032398630234578,29.561657575479845,30.017566867018665,-8.649744472848075,34.72997804307263,8.697579412838047
543510,"McCann, James","R","R",24.231549329054424,27.441011389287873,25.222543672025154,-24.523943105014947,36.57394294998453,12.342393620930103
683766,"Koss, Christian","R","R",27.948954768011696,29.18551635766764,24.71546618776387,-2.9728145794757928,24.96699194241157,-2.9819628256001267
660757,"Gonzalez, Oscar","R","R",26.337457327698232,30.379436419189073,32.14539271878248,-16.820809726743683,26.65231694972144,0.3148596220232084
690924,"Fulford, Braxton","R","R",22.39756245822902,25.816828392935477,29.975362415463966,-9.386574664045332,35.35547524135879,12.957912783129768
680862,"MacIver, Willie","R","R",28.28393114284049,30.772754719649605,31.694990664727346,-5.568264760230712,24.5873094961096,-3.696621646730886
623168,"Heineman, Tyler","R","R",27.577756496022484,28.846214005061267,29.318390372829565,-7.15186696463563,32.613764829271766,5.036008333249279
700246,"Williams, Carson","R","R",27.544110376666872,29.104124222055844,30.087623251279254,-14.628906968821298,27.743678408525156,0.19956803185828859
677595,"Mauricio, Ronny","R","R",30.944998419100045,27.77449199057974,25.054846231910926,-29.444701233443247,34.65129456651272,3.706296147412667
690993,"Keith, Colt","L","L",22.762723455485183,30.560461019385986,31.574152886283706,-8.965724753259083,29.81673453516767,7.054011079682481
670042,"Raley, Luke","L","L",26.65819069160524,28.712350570849544,29.340602552012815,-13.320298958294455,31.844441588369726,5.186250896764494
678009,"Meadows, Parker","L","L",26.736702598608787,30.020574379710258,37.19222258662578,-9.143316096440639,33.83831464423145,7.101612045622661
622761,"Mateo, Jorge","R","R",31.91609716034099,26.988590878893987,34.537810589620825,-13.31015547325459,31.02494384000698,-0.8911533203340078
664770,"Lukes, Nathan","L","L",26.900018254396834,32.734292480895434,28.467765474395613,5.579490132262346,24.055682596568133,-2.8443356578286987
677592,"Pereira, Everson","R","R",29.211414831869394,28.380680470171388,33.33934440058192,-0.7484022808351352,27.802098834994062,-1.4093159968753288
596142,"Sánchez, Gary","R","R",33.00757459582502,25.352760448878897,18.34983051645498,-26.383630818643578,37.31075644100743,4.303181845182408
682988,"Locklear, Tyler","R","R",16.327364437031633,30.993675900355203,27.844389260774395,-6.6447877509635465,27.845599809299298,11.518235372267663
656896,"Rivera, Emmanuel","R","R",23.825313928513403,24.589255487586055,34.60237391302427,-6.637790863379937,30.313376010909675,6.488062082396272
656248,"Bouchard, Sean","R","R",27.677446657129526,26.201132080010066,35.74892251556593,-0.11244505306479852,34.13354011304943,6.456093455919909
687952,"Encarnacion-Strand, Christian","R","R",30.556866565755886,27.646223673701968,30.455168211365674,-27.824922341519155,31.5952316253649,1.0383650596090122
668670,"Rogers, Jake","R","R",28.56567988079306,28.630134330533583,18.11681050819818,14.535271460055878,32.188917096548664,3.623237215755611
642731,"Estrada, Thairo","R","R",26.97283006283817,26.944955114915025,26.068126218593033,-7.143620428498855,33.62137324100019,6.648543178162029
670224,"Misner, Kameron","L","L",27.225520094035883,29.614819566717774,29.534389293720448,-8.544921775535695,34.66003747410813,7.434517380072249
691720,"Karros, Kyle","R","R",19.462380135129298,28.500102774931587,43.418909052044974,4.232922513468837,27.19913732881342,7.736757193684123
686894,"Wiemer, Joey","R","R",25.465465915863383,26.014608262113633,23.356291506546416,-42.80630478721215,37.23866099869325,11.773195082829867
666397,"Julien, Edouard","L","L",29.300393285090923,29.460186055431365,32.484438671971674,-3.9656665013767127,28.072031606306684,-1.228361678784243
670541,"Alvarez, Yordan","L","L",25.621852920330547,28.35329272081641,39.59861017851032,-9.760122610375747,38.99785054569859,13.375997625368045
621028,"Newman, Kevin","R","R",26.410161846813587,26.94491489779832,44.035763805790815,-4.811786587328659,34.17817818557332,7.768016338759733
518934,"LeMahieu, DJ","R","R",30.577838912512462,32.88477546312968,35.427953989105376,2.3294777127032047,22.0861700359261,-8.491668876586361
607680,"Pillar, Kevin","R","R",27.859830152591005,28.286733554268853,25.033241003649163,-3.498898865708615,31.051619655707768,3.191789503116768
687221,"Rushing, Dalton","L","L",29.765043710524157,28.5233088726636,37.165626268037556,-5.458040371752994,32.34860842482958,2.5835647143054197
683083,"Nuñez, Nasim","R","R",30.678720521835306,29.421964912354206,28.74875522558843,2.051103255236425,28.216553276199075,-2.462167245636229
663662,"Cameron, Daz","R","R",25.81360813315213,27.093985001887592,31.64937525134157,-14.680477591754189,32.13166011408079,6.31805198092866
680869,"Gelof, Zack","R","R",21.578734003781683,28.830688519047882,38.53212395298393,-0.3021186103729093,24.754184764033756,3.1754507602520667
592669,"Renfroe, Hunter","R","R",28.83835051081376,29.12351924533703,28.28378615075373,-22.47743456379639,36.905419944707475,8.067069433893721
686475,"Tolbert, Tyler","R","R",30.463213305397442,25.962808602068502,33.246670458978194,-23.336563552779708,35.0562300229026,4.593016717505154
656582,"Joe, Connor","R","R",34.856168033358145,29.29355566606209,26.209489643610407,-32.71296200796358,32.61669491161027,-2.2394731217478845
656577,"Jackson, Alex","R","R",30.68940460927674,27.062896217175894,36.575449070288855,-13.61948101483723,37.807886143022714,7.118481533745972
669326,"Teodosio, Bryce","R","R",23.711198482137558,27.287711166336194,30.664076161139437,-6.731242518395821,33.6051348357642,9.893936353626643
664983,"McCarthy, Jake","L","L",31.497278067458236,31.67051937620371,23.025447519135458,-21.286877669365225,31.696776632999036,0.19949856554080087
621035,"Taylor, Chris","R","R",31.811443306009007,31.655200358114065,26.72075553551993,-23.550857060008994,35.500843860310646,3.6894005543016366
672016,"Clarke, Denzel","R","R",23.80208865664469,28.295446987398464,39.28900089629782,-10.213948560385575,30.869838928659274,7.067750272014584
663609,"Baker, Luken","R","R",26.424046443995575,28.782589345176625,36.115651753795994,-17.504575358859118,31.501480635176968,5.077434191181396
694362,"Dunn, Blake","R","R",28.418513122291994,28.640908171982193,29.297052565041536,1.1858453858203533,29.031724176324463,0.6132110540324698
641658,"Hampson, Garrett","R","R",35.18284235802309,28.203563188437336,16.03196683900816,-18.524498065871036,32.26087148203373,-2.921970875989362
691783,"Lawlar, Jordan","R","R",26.486892673647137,29.095154005816777,35.17292104212144,-13.506191634026626,35.77199174694814,9.285099073301001
656413,"Fairchild, Stuart","R","R",31.233642626472868,22.787694116061413,22.91574121968818,1.2090584563001125,30.57207318535723,-0.6615694411156414
660844,"Rivas, Leo","R","R",26.126295668612208,24.781659238209443,21.748720938375023,-8.04790129696681,28.766218902875835,2.6399232342636254
682729,"Clase, Jonatan","R","R",27.5872541155657,25.73013382703839,26.984185531193063,-9.42326539840655,29.275806868550593,1.688552752984891
642136,"Thaiss, Matt","L","L",28.478474729773627,27.711144751202465,28.168532504998247,-9.364332952407155,31.84351716191403,3.3650424321404047
695391,"Harris, Brett","R","R",20.40335552715773,25.127033750124344,40.86116648424477,-3.1346719434169383,25.495933906188334,5.092578379030606
682653,"Bernabel, Warming","R","R",25.678890958951577,25.005926205806364,40.826238865021594,-15.327210732549668,30.558176564224528,4.87928560527295
665750,"Taveras, Leody","R","R",30.16263047648966,28.95368750367105,28.51758423747274,0.6122876698420848,29.330761447838515,-0.8318690286511415
542932,"Berti, Jon","R","R",32.46947512593503,28.264982026836517,21.008996544889868,2.104101645830283,24.010416003453848,-8.459059122481177
678894,"Peguero, Liover","R","R",29.854864484202267,26.452423776219486,30.30935352222275,2.292864625994557,35.639122215536226,5.784257731333963
681508,"Gasper, Mickey","R","R",19.929343624718758,28.93682760002623,30.504629608143816,-10.433353303248648,35.407421700039734,15.478078075320978
606992,"Haase, Eric","R","R",22.049991802361017,28.712701444488605,39.018723336234636,1.5833832771603806,29.990946899461893,7.940955097100879
676812,"McCusker, Carson","R","R",24.90071354948544,32.62336761878926,33.15394689242555,1.7528094319689642,27.51623314769297,2.615519598207526
663898,"Rodgers, Brendan","R","R",24.832701994755663,28.313398024452844,33.59725378937639,-15.974266710025548,33.149777303371216,8.317075308615552
686765,"Sogard, Nick","R","R",19.533042538681034,29.985266332980473,22.782102874216335,-2.325482463983797,39.511349565934026,19.97830702725299
691785,"Mayer, Marcelo","L","L",30.50121335649894,28.13073166829476,33.549881753090716,-10.214296788633277,30.05501429015353,-0.44619906634541134
690987,"Hassell III, Robert","L","L",31.777707940449844,26.986976481430208,26.082953516873108,-22.397861534855608,33.452151700569935,1.6744437601200934
685301,"Gorski, Matt","R","R",29.755811671096193,27.302699044357798,24.258306620619546,-0.3620011000819311,38.19224909333193,8.436437422235734
677008,"Kjerstad, Heston","L","L",29.781151224051957,30.11531116966772,19.199305967302454,-1.3609318101981698,29.64255669000974,-0.1385945340422161
676679,"Vázquez, Luis","R","R",27.142394999907278,29.534567134786897,34.90062293047853,-11.307298359983434,31.58495021946032,4.442555219553043
642133,"Tellez, Rowdy","L","L",27.336642150477857,26.30247143748434,31.327126438007397,-13.13301519080669,37.402368236124644,10.065726085646784
664774,"Wade Jr., LaMonte","L","L",32.67001677740866,23.77524949838352,22.34328543089837,-2.1832014010118,28.7078875378548,-3.9621292395538625
668942,"Rojas, Josh","L","L",32.625269637736714,29.44345440570077,26.407973422016784,1.1016569755569319,23.64476058651502,-8.980509051221699
665804,"Amaya, Miguel","R","R",29.295478104973476,26.568554803120932,40.526931835464,-4.143805475996164,32.5771648487526,3.2816867437791277
668800,"Knizner, Andrew","R","R",27.641318123049068,24.94752671389846,29.786696309900076,0.7029581611935698,36.14911656636079,8.507798443311717
665561,"Marchán, Rafael","R","R",27.249325649688384,28.3105846533558,32.25640775457504,-23.867028647777143,30.927101608040473,3.67777595835209
694212,"Basallo, Samuel","L","L",32.67169785030272,25.404294693140397,32.5017684525596,-18.529117249718308,37.8757657963473,5.204067946044585
808975,"Kim, Hyeseong","L","L",26.755419051129632,26.991006012174203,37.89532205376897,4.710477726015027,25.244145069003054,-1.5112739821265764
640902,"Pereda, Jhonny","R","R",26.70275128518623,28.86455712673963,34.02150056624365,0.7632759290437092,21.30219296782655,-5.400558317359675
694377,"Yorke, Nick","R","R",30.6472904887207,24.86213427871184,29.315312812619307,-3.3319319931360356,24.329085440481094,-6.318205048239606
668845,"Schunk, Aaron","R","R",26.798620183189936,28.785451453828127,31.61082718086808,-20.669176250261796,30.323829661936063,3.5252094787461266
669369,"Johnson, Bryce","R","R",31.602352829813444,27.129947645372663,28.67810551766726,-10.948829822429943,33.971441426548374,2.3690885967349304
600869,"Candelario, Jeimer","R","R",27.121411631372354,26.935784578051685,36.172730066603364,-4.5720947795121445,31.329393779494627,4.207982148122272
642180,"Wade, Tyler","L","L",31.23202583320361,28.427798194781083,37.34959353716003,-26.066721570531612,32.543738836796436,1.3117130035928273
807799,"Yoshida, Masataka","L","L",30.520113235764676,25.882034407099283,25.558660671328294,-14.857350058832663,29.644459796022637,-0.8756534397420428
657077,"Verdugo, Alex","L","L",32.73226376070836,23.599608449783325,21.74761842890913,-35.2420422134599,29.01987407460003,-3.712389686108338
677956,"Hinds, Rece","R","R",28.557842328446725,28.010350701722867,33.22057113378976,-10.746767133031122,37.25208688209988,8.694244553653153
671284,"Elko, Tim","R","R",29.96652065412992,32.29798275476327,38.31738059603676,-16.620130813709206,28.728503965251786,-1.2380166888781312
493329,"Gurriel, Yuli","R","R",16.632906087777464,27.862229617041177,33.68794964249014,-10.870564243416558,31.011666107920586,14.378760020143124
660162,"Moncada, Yoán","R","R",17.5251342069614,27.96567340034413,28.3283310489759,-8.71735223473521,33.139213137400375,15.614078930438973
665052,"Conine, Griffin","L","L",31.16477416303716,31.16672140608043,33.32201117837407,-23.89022518076852,26.569821685082804,-4.594952477954355
676439,"Feduccia, Hunter","L","L",21.515328137017697,26.39303946922064,27.787011784765507,-1.7478372604959165,28.23945405845981,6.724125921442107
676356,"DeLuca, Jonny","R","R",26.598503709755065,26.88096169898176,31.389933357809305,7.283777094875,36.477010444269276,9.878506734514211
688363,"Pauley, Graham","L","L",26.967258693370024,25.823624037823677,34.36962419691978,-15.495369491949239,29.95002980676995,2.9827711133999255
676044,"Seymour, Bob","L","L",29.207294162045176,28.10728551651608,29.423077514263465,-20.020444970177227,36.597062705472794,7.389768543427625
680577,"Keirsey Jr., DaShawn","L","L",27.38136942212316,28.00008468316133,37.449505466936884,-0.818240973101277,18.487771222122927,-8.893598200000229
665828,"Cabrera, Oswaldo","R","R",25.971616121658602,28.905056091277473,32.962607853589944,-10.584634387063765,27.569393264071177,1.597777142412575
671083,"Kennedy, Buddy","R","R",29.297663927059673,24.674172654572036,31.36778638574658,-1.8802475788077686,33.7584173062264,4.460753379166721
669003,"Mitchell, Garrett","L","L",32.23358823563245,28.031636265608714,23.6040488157019,-25.725388869226986,28.712926329156986,-3.5206619064754685
677870,"Jiménez, Leo","R","R",23.674021649941633,28.960821074444087,31.616313585890346,-3.905565456737958,28.608133848470157,4.934112198528527
666464,"Encarnacion, Jerar","R","R",28.091415391764276,28.999106807787236,31.659651290405545,-4.421141357806017,29.867709979174254,1.7762945874099798
687637,"Beavers, Dylan","L","L",33.209604843234224,26.442731193064056,31.687227746969874,-3.046903587870401,31.72508493995947,-1.4845199032747545
691182,"Amador, Adael","R","R",26.55890803371014,27.606498573497227,33.9068992923943,-5.565534113565971,37.69439458684534,11.135486553135204
656484,"Gray, Tristan","L","L",30.652723639844623,30.20728470974377,32.37967851342105,-19.080587012208785,34.57794465569683,3.9252210158522054
672569,"Campero, Gustavo","R","R",27.757417928869554,23.966729358804976,33.80549870792438,-1.4274435355265125,32.93791543683175,5.180497507962192
641313,"Anderson, Tim","R","R",18.7321353685469,26.866554322437448,27.577878630880136,-6.307270681445008,31.798557816715928,13.066422448169023
571912,"Maile, Luke","R","R",27.169340775949273,24.79022782784217,35.564168787969216,-3.762737379389793,31.846240768342216,4.676899992392943
642086,"Smith, Dominic","L","L",30.964066265722547,27.033959401578084,37.09228108560353,-17.962775177423453,37.302182477547454,6.338116211824904
641943,"Palacios, Joshua","L","L",27.75070074456238,30.755203587472057,33.1451418482505,-12.423123240922486,23.02041046828655,-4.730290276275831
702176,"Roden, Alan","L","L",28.133569411445528,28.483153328709168,22.894471988700783,-36.731409607098215,33.04388768009479,4.910318268649262
670097,"Short, Zack","R","R",33.544754718575476,25.793367284161828,25.25293761090717,-25.6205049287576,35.90848793035013,2.363733211774644
694388,"Loperfido, Joey","L","L",27.059090319804156,30.064831499979412,30.872459015465022,-5.607488986106364,23.599950630783837,-3.459139689020321
665923,"Ruiz, Esteury","R","R",29.773510631405564,30.43928154950142,38.09212031249646,-8.380185851907811,27.08991305471805,-2.6835975766875118
660644,"Bruján, Vidal","R","R",33.22815565693468,26.593513333078025,26.699318298464767,-8.303929202797852,26.444345550002495,-6.783810106932183
666163,"Rortvedt, Ben","L","L",28.0737650159528,27.566830373716353,21.961129058854358,-19.872592265864313,30.8625058877674,2.7887408718146003
669304,"Miranda, Jose","R","R",28.065956526122324,31.1007950987016,30.654388953938962,-3.76244922937413,34.1201095805084,6.054153054386077
663584,"Senger, Hayden","R","R",26.513668696782048,29.941748831228136,31.992107370403037,-3.4841238965631263,29.182428270817272,2.6687595740352243
694497,"Carter, Evan","L","L",29.0430418924675,24.264310474137304,28.783687950031386,-19.990946178511994,36.66298581000812,7.619943917540615
656976,"Smith, Pavin","L","L",29.9390925476656,29.276421800855637,31.989517935380494,-7.466354409959731,27.228602803791812,-2.710489743873783
642350,"Siri, Jose","R","R",21.756303590311855,26.566203600577353,41.038648750659,0.39577787002298437,22.566550966095733,0.8102473757838764
676070,"Amaya, Jacob","R","R",29.137454765489842,27.771517189040186,28.608709258655995,0.6883283623597322,25.103836155008434,-4.033618610481411
650559,"De La Cruz, Bryan","R","R",29.28183508110523,26.788710697721136,35.07459539538964,-10.553045258854118,26.94269946899861,-2.3391356121066207
677347,"Paris, Kyren","R","R",35.834468707098004,25.631411489461904,21.314908825218232,-54.542399855610995,29.859340479446043,-5.975128227651965
676480,"Barrero, José","R","R",29.437798401942416,30.728897663214124,27.45080680631074,-26.190821302881613,35.66940580296964,6.2316074010272215
695238,"Wagner, Will","L","L",24.805284998009206,28.47959375292566,40.8732189525052,-0.010323871560316555,28.45158329465972,3.646298296650514
687551,"Gilbert, Drew","L","L",28.174111038624762,30.161876908782006,32.11938968361041,-15.41821547409485,30.70598760142161,2.531876562796844
680700,"Palacios, Richie","L","L",32.95174245679379,28.658467341076854,23.16294712556114,-4.765623481155348,29.440617726001477,-3.511124730792305
692216,"Kayfus, C.J.","L","L",30.07067859207948,22.43977364130232,25.610883096918748,-2.7461349519975045,34.47450979380815,4.403831201728671
689200,"Melton, Jacob","L","L",29.345837772581064,32.31387197029239,34.58885998434977,-14.90808189145574,19.132444630503628,-10.21339314207743
687478,"Devanney, Cam","R","R",31.62424180534132,29.326798743892486,22.959136971722447,-19.132803280664167,27.146820456390945,-4.477421348950376
622569,"Reyes, Pablo","R","R",31.142228473429846,27.920945172444707,35.06089474203724,-1.6895596580486965,26.31297535858852,-4.82925311484132
666152,"Hamilton, David","L","L",22.453755854568026,30.23489692471932,22.55898319798794,-0.5583618264233023,32.84824020325538,10.394484348687351
669087,"Huff, Sam","R","R",23.711698571236916,29.61700065351157,33.59166753517801,-6.122604888988979,30.973474657737533,7.261776086500616
683090,"Lugo, Matthew","R","R",29.14989256909418,28.56616539995861,28.465581527632082,-2.2749256884860283,26.332457045720602,-2.8174355233735806
666181,"Benson, Will","L","L",27.47200822516524,31.405406173509817,27.011518650550137,-2.520059050080807,27.93282785656755,0.46081963140230875
681584,"Villar, David","R","R",31.578663949695486,32.34722084225961,21.394754930974056,-10.615864602613504,25.049590645986704,-6.529073303708781
691185,"Acosta, Maximo","R","R",29.60155801945712,24.628622835450173,28.937928582386487,-12.535697135873964,36.210762410167106,6.609204390709992
680837,"Fitzgerald, Ryan","L","L",31.316126593054666,28.6994184363291,29.579232151035896,-20.3925242953165,29.389154637962065,-1.926971955092599
676466,"Winkler, Jack","R","R",27.894310471017743,29.943192826085667,31.21034122435291,-4.7390048454507285,32.617395965359144,4.7230854943414
701675,"Church, Nathan","L","L",31.65625896665144,27.66032120069408,36.36252370950708,-15.256946097443555,30.572252744289425,-1.084006222362018
695600,"Jensen, Carter","L","L",26.06955792255982,28.05446433410271,33.09670168291363,-14.115293720466186,35.56930270254488,9.499744779985061
641555,"Escarra, J.C.","L","L",34.38566373147911,29.05234773549186,29.897323604172723,-19.36177570635444,31.842890526240048,-2.5427732052390626
669134,"Campusano, Luis","R","R",27.82117073252708,29.213502603912353,23.881430091932575,-3.4585643329108167,28.403959763192045,0.5827890306649677
641343,"Bauers, Jake","L","L",29.606817125220978,26.611812184495925,25.642676774805018,-1.1953682923808766,32.50320726174931,2.8963901365283258
668723,"Vilade, Ryan","R","R",32.70640406782398,28.638833648680876,24.957735710097488,-10.675328083739139,28.765485140285172,-3.9409189275388106
686676,"Lee, Korey","R","R",27.298757549438,25.730449788176728,32.14292495250388,-6.925344398215313,32.58474354908423,5.285985999646234
804668,"Flores, Rafael","R","R",28.846902923205093,25.856005521497345,29.376933274708804,-14.106376712215823,37.44470156185897,8.597798638653881
624512,"McGuire, Reese","L","L",35.27788646119499,31.64217536139584,33.360106512837774,-6.762139651217762,33.32715325048061,-1.9507332107143818
595751,"Alfaro, Jorge","R","R",28.15407055527061,26.59732266252756,25.36225380443663,-24.029933431072724,23.751115869293326,-4.402954685977285
670231,"Rave, John","L","L",27.268285299592016,28.914375220678874,21.10340295885533,-4.075814938800779,29.259455486115456,1.9911701865234386
668952,"Kreidler, Ryan","R","R",21.9883010303483,29.66363792818184,24.13981141533105,0.3036254669198514,31.461869620524972,9.473568590176672
622534,"Margot, Manuel","R","R",25.098356549722734,28.170569737428167,29.529697946681534,-13.085242817007302,28.698471614470307,3.6001150647475737
664068,"Kingery, Scott","R","R",31.320874844527246,26.690157290842535,23.638655834217445,-10.446952571538734,29.949680449433686,-1.371194395093562
669208,"Bliss, Ryan","R","R",25.042886673039945,27.848582985680103,23.72280115033362,-18.38011649025861,31.49665478000643,6.453768106966486
592178,"Bryant, Kris","R","R",27.150451817236984,28.41705882596887,35.98480298053501,-6.039188993083522,27.35011306019583,0.19966124295885002
670156,"Mastrobuoni, Miles","L","L",26.14339207940987,28.935068447687968,32.98628689550402,-18.519418476743592,33.778165741812806,7.634773662402937
688760,"Crim, Blaine","R","R",28.130633348761286,29.577415120180675,32.846747674489706,-21.85480144888216,29.280354366457384,1.149721017696101
691728,"Veen, Zac","L","L",29.170395099874046,29.677153021216643,20.22120278356711,-6.764074357130012,29.112910719471262,-0.05748438040278395
666211,"Trammell, Taylor","L","L",31.24834963403349,27.158878194519538,31.72273830312252,-6.116740317151142,29.24284430536386,-2.0055053286696354
686452,"Millas, Drew","R","R",28.75733727447564,21.820716089441124,32.38210593433668,-16.0283073517104,22.054004429994595,-6.703332844481048
692585,"Fernández, Yanquiel","L","L",27.519119405517362,28.25654221484401,30.374052956276476,-6.803748667089234,37.32144110258188,9.802321697064523
696030,"Osuna, Alejandro","L","L",27.767527239838003,25.209003136086466,21.02806344379849,-24.742743426628838,29.012244620525014,1.2447173806870073
671213,"Casas, Triston","L","L",32.64097970791816,30.306765915457863,25.401234282679187,-5.915315807135739,30.76863471779635,-1.8723449901218197
682927,"Simon, Ronny","R","R",31.977946848335264,24.77128047837121,20.251227627602084,-20.836446103894232,27.81566795776048,-4.162278890574789
694203,"Guzman, Denzer","R","R",33.044112274463416,24.2604666393075,28.975902922515914,-3.2132102895458616,29.58513093842233,-3.4589813360410835
694728,"Matthews, Brice","R","R",27.844158914367938,24.42911270715713,29.112119335654505,0.42910053601989995,29.3961172150176,1.5519583006496647
690976,"Freeland, Alex","R","R",30.61431531912377,27.740030410717914,25.65226462302158,-16.131188933826845,37.28154886547613,6.66723354635236
687859,"Johnston, Troy","L","L",32.887920954562595,28.265560538888657,24.78046600803006,-34.97589996574366,36.125845063972314,3.2379241094097235
677588,"Tena, José","L","L",34.27090131564417,27.279262901956656,26.333807794263492,-32.43229918394385,28.153573789351068,-6.117327526293097
701305,"Dezenzo, Zach","R","R",24.151279744492875,28.92162687614946,34.75394083639557,2.7482639311900567,29.554489433270295,5.403209688777419
679822,"Foscue, Justin","R","R",29.010176246193648,27.882529279060364,32.71939136231243,-11.276488057333006,31.830487308970635,2.820311062776987
682848,"Rodríguez, Endy","R","R",30.60682682153225,27.37011350579374,33.27623725264283,-6.113296764711926,28.500375489921115,-2.1064513316111313
805904,"Cole, Zach","L","L",20.993371780906678,30.59409390293884,26.520833983213887,-5.8449148003188345,19.701033236431865,-1.2923385444748121
621512,"Nido, Tomás","R","R",23.916238153368447,31.76622219715006,35.24398381992098,-15.315722302339177,21.779389154472558,-2.1368489988958856
669004,"Melendez, MJ","L","L",29.07461376844308,29.526021996603575,30.58125674603298,-22.38244415868566,26.353715905091203,-2.7208978633518788
670223,"Mervis, Matt","L","L",26.840804166433216,29.949079676668642,38.656045937061606,-17.303246198928058,34.24233792908399,7.401533762650776
518792,"Heyward, Jason","L","L",31.954036780670165,34.539656499500275,30.588099520077368,-10.018871429708758,29.404894210995966,-2.5491425696741996
665839,"Valdez, Enmanuel","L","L",30.200585641909598,24.472708108934402,33.075746844916935,-3.901962454602911,22.64380676028773,-7.556778881621868
694376,"Whitcomb, Shay","R","R",30.492964346570968,28.88347663250625,25.7166165489272,-10.35803986828218,32.87620637740949,2.3832420308385207
664913,"Brown, Seth","L","L",31.146701922125224,27.740199229825734,26.350623839296087,-10.830901762265828,38.60457972481178,7.457877802686555
680728,"Del Castillo, Adrian","L","L",29.09771079334378,29.557816628496646,29.796784961526782,-37.82891390185455,42.49221758814373,13.394506794799948
641584,"Fraley, Jake","L","L",29.58395539689284,31.17912558028148,26.8560313196555,-13.260335969732166,25.080583825253292,-4.503371571639547
640492,"Azocar, José","R","R",29.68227912217808,26.215256055967334,27.71484124709729,-26.86380873887656,26.62404438493321,-3.058234737244869
676701,"Trejo, Alan","R","R",28.044384204898435,29.1374185127885,37.94686295021235,-17.3611440454165,33.37133515903231,5.326950954133883
680911,"Miller, Owen","R","R",24.604489028529166,26.205970246496204,29.623624510959967,-8.490607280693759,33.3892202042643,8.78473117573513
645305,"Sánchez, Ali","R","R",28.009600844907283,29.89100030663681,31.15260445895381,-24.04469713471224,33.24080927028491,5.231208425377627
683748,"Mesa Jr., Victor","L","L",25.964797536199264,31.133526839355742,32.09316811168232,-5.219961071767819,24.443568425033636,-1.5212291111656284
667452,"Julks, Corey","R","R",33.54450142117602,30.636776920052256,26.990954832375298,-29.88516803985304,35.18972218067834,1.6452207595023072
689172,"Wisely, Brett","L","L",25.11296453618145,24.056326786571503,30.067917634735927,-16.978292529914842,32.48516105369218,7.3721965175107265
663897,"Williams, Luke","R","R",24.83739768584609,26.974569818830492,30.540019837046533,-3.3574417370282634,32.40036515310588,7.562967467259792
683770,"Robertson, Will","L","L",28.270083302920888,26.60953767609528,31.46455197236345,-3.981944342361108,35.17088428853458,6.900800985613692
605113,"Ahmed, Nick","R","R",32.08028972520964,32.20555781137262,22.102969614867376,-15.777572236894322,33.078054833403066,0.9977651081934222
669256,"Solak, Nick","R","R",28.87266365257263,27.34724970740685,20.119460533623105,-2.23123868003534,31.74024587983246,2.8675822272598244
542963,"Brantly, Rob","L","L",29.084649592698813,26.765932044577596,29.891167292585433,-4.157323364109192,28.19988591765574,-0.8847636750430683
699625,"Crooks, Jimmy","L","L",26.99753775703941,28.108315625284057,32.25642875495779,-20.10919790693579,38.71917745093391,11.7216396938945
665877,"Fermín, José","R","R",33.78156944822745,25.79611455917965,17.79578189615424,-9.568806642097124,29.004864988523533,-4.7767044597039146
592626,"Pederson, Joc","L","L",31.991482216851118,27.01471605145359,22.645172322309115,-14.080286017504875,23.96899681769186,-8.022485399159255
669288,"Johnson, Daniel","L","L",28.70021486586397,30.87850464961399,35.53451800208092,-27.028250698368893,28.44070497075289,-0.2595098951110819
666150,"Fletcher, Dominic","L","L",31.68212759842038,25.52631105400562,32.42460131056373,-0.8115144982648528,29.735856396012053,-1.9462712024083297
663967,"Salazar, César","L","L",30.213537189299263,25.74771767671585,28.16566282432448,4.728539968743466,28.817748120279873,-1.3957890690193937
691373,"Garcia, Jhostynxon","R","R",27.070511762848852,24.945936619968414,28.769198385078127,4.475216144246021,27.679835276150282,0.6093235133014283
669261,"Suwinski, Jack","L","L",31.32130669733004,27.66895527722879,33.44900191750186,-6.613954866131732,28.65118043222477,-2.67012626510527
666915,"Dalbec, Bobby","R","R",27.818633697309494,27.101794646523,24.879154130089344,-3.354537932917264,25.0956760529293,-2.7229576443801937
605131,"Barnes, Austin","R","R",27.418145262081406,27.990744423523818,22.83890875575822,-12.327743615393803,38.85672150485193,11.438576242770528
682634,"Alcántara, Kevin","R","R",29.00777292276903,30.683406950489392,39.604925090538096,-6.510388901831595,34.09691675579697,5.089143833027941
605361,"Martini, Nick","L","L",28.97057239132231,29.339921840885335,29.762492188167354,-21.166777994597343,22.319987910842407,-6.650584480479901
608385,"Winker, Jesse","L","L",26.89470387883728,28.346138942682092,27.843484228227865,-9.967817946370792,32.24036771076749,5.345663831930202
666165,"Sabol, Blake","L","L",30.48657979197343,28.185439519879022,31.02300540124016,-23.204698243644867,33.74931191690718,3.2627321249337506
669722,"Davidson, Logan","R","R",22.01611786189604,29.759198866778373,33.95233830553802,-14.651628874991678,26.426118180088135,4.410000318192099
672284,"Kelenic, Jarred","L","L",29.972674820350516,27.717093389340313,27.706278145406966,-12.673793624652518,29.733068456905134,-0.23960636344538289
668974,"Handley, Maverick","R","R",26.348023216644958,24.366148525843187,28.40159448589883,-15.378413161823413,24.032458203049874,-2.3155650135950854
701398,"Stewart, Sal","R","R",28.391038877967993,30.34915728996277,30.75224901331481,-14.54156389140537,32.93605992584345,4.545021047875456
624415,"Biggio, Cavan","L","L",27.967211185684206,25.362233098271684,29.319356650550183,-2.7692518371549433,34.365075419866194,6.397864234181991
680118,"Blanco, Dairon","R","R",28.108916735446456,27.233749387133916,23.238544920703923,-1.517249130760858,31.404826469209468,3.2959097337630134
608671,"Jankowski, Travis","L","L",29.680938252291682,28.970981699995995,25.180121677803644,-7.272313928372948,23.128869163017143,-6.5520690892745375
677060,"Stevens, Chad","R","R",21.83426533361452,26.64309043242182,40.148651960567655,-7.051153293369355,28.906204759303098,7.071939425688575
695670,"Ford, Harry","R","R",27.806063066568672,23.960751302720308,32.2139891415538,-15.898561370325485,46.49873684240092,18.692673775832258
640459,"Navarreto, Brian","R","R",32.70772817748865,27.952200749031704,29.260188478708063,-14.321952306697474,38.78790784718968,6.080179669701037
543592,"Nola, Austin","R","R",24.86877812434077,26.724290533180238,32.325641925645506,-7.905763575012016,31.018016786721336,6.1492386623805615
666126,"Cortes, Carlos","L","L",21.130560199299254,31.564723399130504,24.641701411033992,-35.17425131774017,30.381488118013383,9.250927918714128
678391,"Vivas, Jorbit","L","L",35.182798452616936,25.908065909490585,27.860735630280807,-8.020178304781817,32.69457071581301,-2.488227736803923
678225,"Bae, Ji Hwan","L","L",31.47435669799055,24.913214741689135,36.454005970570705,-8.42079070875364,26.429991156194934,-5.044365541795619
644433,"Tromp, Chadwick","R","R",22.77635402733939,27.598488218539103,32.14084985060265,-14.896957759604119,31.930202809066337,9.15384878172695
663796,"Montes, Coco","R","R",30.554155582383473,27.500837652476626,28.708037466188166,-3.9603018494140954,35.88975276163053,5.33559717924706
671655,"Valera, George","L","L",30.468321257128117,28.821489119940992,28.999738155551338,-21.89827044837412,28.887953896983362,-1.5803673601447588
663536,"English, Tristin","R","R",28.43555963471472,26.70435406951666,21.64447609071715,-25.223904247545356,21.989921920154185,-6.445637714560537
571466,"Barnhart, Tucker","L","L",32.190207331330434,27.752324526331765,13.918645508204822,-31.2086321163671,30.759090779389417,-1.431116551941015
663731,"Kaiser, Connor","R","R",27.107684485282597,29.743372366434333,29.33485865648325,-4.635781609017037,33.68507154086191,6.577387055579313
687529,"McCray, Grant","L","L",16.801184960901857,24.880975265471594,35.453610103120155,-1.6143156555329663,34.670076250795226,17.86889128989337
669374,"Hiura, Keston","R","R",26.16900934556663,26.49507928038001,24.306937768242637,-14.251550576341934,20.27368886672928,-5.895320478837349
694359,"Kavadas, Niko","L","L",25.327752299776417,27.4492013745267,31.633305053887497,-0.8686267840001035,30.25551385845936,4.927761558682938
624513,"Nuñez, Dom","L","L",21.619477617511066,27.53357145019531,31.616789197872983,-10.365796589628383,43.15159772376339,21.53212010625233
641645,"Guillorme, Luis","L","L",28.976066148986135,25.122587293509074,27.74585013601716,-12.116540616134031,21.313247947950693,-7.6628182010354395
669392,"Taylor, Samad","R","R",18.428946501192673,21.70955292560577,15.436450716098179,-3.6751861859584505,38.02690322257143,19.597956721378754
665861,"Rivero, Sebastián","R","R",29.609326800436293,28.348506092555183,29.911697066212994,-22.48147528280552,31.916115340724524,2.306788540288231
695257,"Cook, Billy","R","R",23.84105771487832,25.953352534451483,43.85848673231733,6.09321521368533,28.968190432836483,5.127132717958164
676116,"Noda, Ryan","L","L",27.573555249522922,27.22043194647789,33.07682184724027,-12.357373179320788,35.89733746358547,8.323782214062552
682183,"Avans, Drew","L","L",23.069657682361125,25.21069248195839,27.77913364199949,-13.98376019454329,21.892706840357825,-1.1769508420033024
656541,"Hilliard, Sam","L","L",28.38572468437314,31.98952018839836,27.628271187135283,-24.547322791162053,36.154995368681895,7.769270684308751
666198,"Kieboom, Carter","R","R",25.842707784588338,25.64641363485813,25.409477093513505,-9.32718715461904,29.104396854948575,3.261689070360239
694208,"Ballesteros, Moisés","L","L",33.157501608208655,33.22237972797393,22.04843397191796,-24.19164430105168,31.072325898085236,-2.085175710123422
506702,"León, Sandy","R","R",33.49078122479916,26.2241413722744,23.776202828233906,-21.247561381944287,24.333254251096452,-9.157526973702707
670092,"Brooks, Trenton","L","L",26.85552120489168,25.567645468496323,28.7971343625201,0.2641435771290913,25.159691917175262,-1.695829287716419
678011,"Seigler, Anthony","L","L",33.51397619314671,27.206498382549288,31.394596169810967,-14.911817823445311,42.36295233122095,8.848976138074253
691011,"Romo, Drew","R","R",24.284701220956325,26.911558477170942,35.569629367740795,2.497118221858148,40.738461494599086,16.45376027364276
642727,"Alcántara, Sergio","R","R",28.080637283450365,28.269137963073256,36.288012131137634,-13.337057990868194,29.028397093869735,0.9477598104193738
686554,"Dunn, Oliver","L","L",30.17748724756062,26.08706288743019,29.513465153346875,-5.080898781182075,26.520456334004187,-3.6570309135564307
672642,"Berroa, Steward","R","R",28.662850602970124,27.070467398526667,37.72988542896919,-3.3108551168958,30.67785703576347,2.0150064327933483
683021,"Stefanic, Michael","R","R",25.892228568771362,27.5939223282814,25.59285813061149,-21.95883555518361,34.82382908808773,8.93160051931637
675915,"Bañuelos, David","R","R",30.066091237518787,32.45674630813598,27.477229409333372,-7.665371330570404,34.52599725260877,4.459906015089983
553882,"Narváez, Omar","L","L",30.33232865044117,28.925687839562894,23.7605350502516,-8.273097787660037,29.924418411185705,-0.40791023925546455
671976,"Peters, Tristan","L","L",24.08289628443301,30.843308361744878,25.39734942861202,-2.18387760747502,19.466235842623128,-4.616660441809876
605353,"Machín, Vimael","L","L",29.871928514289856,33.00294545587539,33.60686604768647,-6.2341375804469426,19.760707092064298,-10.111221422225555
805811,"Eldridge, Bryce","L","L",19.080616580286883,26.836814250230788,34.96308533794356,-5.236169254953139,33.68682833301241,14.606211752725525
672279,"Siani, Michael","L","L",23.35469025120616,29.62120386271477,34.23692705814371,-4.00849832081442,30.952025725842315,7.597335474636157
682868,"Ramos, Bryan","R","R",26.459766356021166,29.82859674464226,37.19524189225858,-0.5981809115981812,31.966375173492214,5.506608817471047
596117,"Stubbs, Garrett","L","L",32.7112283208704,25.69917900032997,27.45501531243387,-12.499710553279163,39.15067715108042,6.439448830210022
605244,"Garcia, Aramis","R","R",26.36130419253588,29.49219187338829,29.597299995018194,-13.610018964593461,26.658138553110167,0.29683436057428914
677943,"Banfield, Will","R","R",31.275521340336798,28.022278709135055,31.96577797059736,-39.21501033162937,26.49185530492711,-4.783666035409686
593871,"Polanco, Jorge","L","L",29.026241830005645,29.62799190896034,30.991537472026135,-11.794622913443785,32.50987426051951,3.4836324305138646
669200,"McCoy, Mason","R","R",27.607836819040774,29.13671586183548,29.54589348190689,-4.193232606058632,20.81395769441625,-6.793879124624526
668731,"Baddoo, Akil","L","L",33.35072340716601,31.824858831977846,36.147311026389055,-8.028056022093152,20.04749917016489,-13.303224237001112
670032,"Lopez, Nicky","L","L",23.77633377605915,32.69716892511368,39.71143803792555,-9.426458269965256,32.203906788660724,8.427573012601577
676724,"Young, Jared","L","L",24.46621678854823,30.136238853912353,30.616009953699894,1.7421655568691214,35.64151700273308,11.175300214184851
622268,"Walton, Donovan","L","L",30.856803781776428,27.934968852729796,26.033555748580845,-40.22128906842168,26.733918734319932,-4.122885047456499
702358,"Lipscomb, Trey","R","R",28.795943789725303,30.563355426826476,33.403103973133994,-3.9138886323650373,9.52216459399125,-19.273779195734054
572138,"Singleton, Jon","L","L",24.990372483563423,32.073544749317165,42.926147056505336,-1.1329989162726242,23.40661969929407,-1.5837527842693566
667690,"Stubbs, C.J.","R","R",27.15396601211548,28.140018223876954,32.77348908675584,-18.280459398920797,29.818191114820586,2.664225102705105
680716,"Ornelas, Jonathan","R","R",21.53391222227931,27.167106125240327,22.620710859003964,-9.286476568053974,17.07350492696205,-4.46040729531726
641856,"McKinney, Billy","L","L",25.277361817421912,30.21823748261452,33.03047363148158,-3.732796816290928,20.406807805866393,-4.870554011555518
691907,"Cheng, Tsung-Che","L","L",35.530502687034605,25.88343557990074,29.310453761073024,-22.420836860402133,28.677048435894637,-6.853454251139967
674441,"Hurtubise, Jacob","L","L",32.018938340554236,23.371782594356535,24.099074684311013,-22.22153745191533,30.76762438432939,-1.2513139562248483
690291,"Jung, Jace","L","L",34.1339781351161,29.691000356431008,26.73716650398784,-11.347416257553128,21.763826911631092,-12.37015122348501
680769,"Alexander, CJ","L","L",32.443204332973956,28.55162702877522,30.357683307329793,0.9932812841259149,21.830602714597852,-10.612601618376106
605204,"Davis, J.D.","R","R",32.75114035885811,30.821244082593914,30.879915981750983,-9.836050286642413,32.9793066687252,0.22816630986709185
677941,"Adams, Jordyn","R","R",31.75014719705105,31.708370076160435,40.44572313211868,-13.912555229249177,35.669324117574234,3.919176920523185
669398,"Workman, Gage","L","L",29.036771202039716,27.785262630691527,40.832092689941824,0.3788679978610116,30.710626839924206,1.6738556378844862
687957,"Harris, Dustin","L","L",19.57942628479004,24.638627733526228,21.63797518438359,-26.164318362235882,23.952092871640865,4.372666586850823
641302,"Alexander, Tyler","R","R",17.900545252308845,30.018625275497435,26.454895562069414,-9.506330471542137,9.726850013455895,-8.17369523885295
669432,"Rogers, Trevor","L","L",25.442433249118327,26.354368608045576,27.24222527474582,2.001809956158284,29.9769903968397,4.534557147721369
689041,"Thomas, Rhylan","L","L",30.129167150878907,30.252132345476156,32.864783303712805,-12.835144726934113,26.06900441172641,-4.060162739152492